Model,Level,Image processor,Sensor format,Sensor type,Sensor manufacturer,Megapixels,Focus points,Metering pixels,Viewfinder coverage,Viewfinder magnification,ISO min (expanded),ISO min,ISO max,ISO max (expanded),Storage media,Live view,Movie mode,Max FPS,Shutter Rating,Weight (g),Dimensions (mm),Video,Release Date,WiFi/Bluetooth,GPS
D3X,Professional,EXPEED,Full-frame,CMOS,Sony,24.5,51,1005,100%,0.7x,50,100,1600,6400,3.0" 921k,,CF  MicroDrive (×2),Yes,No,5,300.000,1220,160 × 157 × 88,,2008 4Q,WT-4,GP-1(A)
D2Xs,Professional,-,APS-C,CMOS,Sony,12.4,11,1005,100%,0.86x,100,100,800,3200,2.5" 230k,,CF  MicroDrive,No,No,5,,1070,158 × 150 × 86,,2006 2Q,WT-1 / WT-2,GP-1(A)
D2X,Professional,-,APS-C,CMOS,Sony,12.4,11,1005,100%,0.86x,100,100,800,800,2.5" 235k,,CF  MicroDrive,No,No,5,,1070,158 × 150 × 86,,2004 3Q,WT-1 / WT-2,GP-1(A)
D1X,Professional,-,APS-C,CCD,Sony,5.3,5,1005,96%,0.8x,125,125,800,800,2.0" 130k,,CF  MicroDrive,No,No,3,,1100,157 × 153 × 85,,2001 1Q,-,GP-1(A)
D1,Professional,-,APS-C,CCD,Sony,2.66,5,1005,96%,0.8x,200,200,1600,1600,2.0" 114k,,CF,No,No,4.5,,1100,157 × 153 × 86,,1999 2Q,-,GP-1(A)
D5,Professional,EXPEED 5,Full-frame,CMOS,Nikon,20.8,153[a 1],180000,100%,0.72x,50,100,102400,3280000,3.2" 2539k,Fixed,CF (×2) or XQD (×2),Yes,Yes,12,400.000,1235,160 x 158.5 x 92,2016 1Q,WT-5 / WT-6,GP-1(A)
D4S,Professional,EXPEED 4,Full-frame,CMOS,Nikon,16.2,51,91000,100%,0.7x,50,100,12800,409600,3.2" 921k,,CF  XQD,Yes,Yes,11,400.000,1180,160 × 157 × 91,1080p60,2014 1Q,WT-5,GP-1(A)
D4,Professional,EXPEED 3,Full-frame,CMOS,Nikon,16.2,51,91000,100%,0.7x,50,100,12800,204800,3.2" 921k,,CF  XQD,Yes,Yes,10,400.000,1180,160 × 157 × 91,1080p30,2012 1Q,WT-5,GP-1(A)
D3S,Professional,EXPEED,Full-frame,CMOS,Nikon,12.1,51,1005,100%,0.7x,100,200,12800,102400,3.0" 921k,,CF (×2),Yes,Yes,9,300.000,1240,160 × 157 × 88,720p24,2009 4Q,WT-4,GP-1(A)
D3,Professional,EXPEED,Full-frame,CMOS,Nikon,12.1,51,1005,100%,0.7x,100,200,6400,25600,3.0" 921k,,CF  MicroDrive (×2),Yes,No,9,300.000,1240,160 × 157 × 88,,2007 3Q,WT-4,GP-1(A)
D2Hs,Professional,-,APS-C,JFET-LBCAST,Nikon,4.1,11,1005,100%,0.86x,200,200,1600,6400,2.5" 232k,,CF  MicroDrive,No,No,8,,1070,158 × 150 × 86,,2005 1Q,WT-1 / WT-2,GP-1(A)
D2H,Professional,-,APS-C,JFET-LBCAST,Nikon,4.1,11,1005,100%,0.86x,200,200,1600,6400,2.5" 211k,,CF  MicroDrive,No,No,9,,1070,158 × 150 × 86,,2003 3Q,WT-1 / WT-2,-
D1H,Professional,-,APS-C,CCD,Sony,2.7,5,1005,96%,0.8x,200,200,1600,1600,2.0" 130k,,CF  MicroDrive,No,No,5,,1100,157 × 153 × 86,,2001 1Q,-,GP-1(A)
D850,Professional,EXPEED 5,Full-frame,CMOS,Sony,45.7,153,180000,100%,0.78x,32,64,25600,102400,3.2" 2539k,Tilting,SD  XQD,Yes,Yes,7(9)[d 1],200.000,1005,146 x 124 x 78.5,2017 3Q,WiFi + Bluetooth built in,GP-1(A)
D810,Professional,EXPEED 4,Full-frame,CMOS,Sony,36.3,51,91000,100%,0.7x,32,64,12800,51200,3.2" 1229k,,CF  SDHC  SDXC (×2),Yes,Yes,5,200.000,880,146 x 123 x 81.5,1080p60,2014 2Q,-,GP-1(A)
D800,Professional,EXPEED 3,Full-frame,CMOS,Sony,36.3,51,91000,100%,0.7x,50,100,6400,25600,3.2" 921k,,CF  SDHC  SDXC,Yes,Yes,4,200.000,900,145 × 122 × 81,1080p30,2012 1Q,-,GP-1(A)
D700,High-end,EXPEED,Full-frame,CMOS,Nikon,12.1,51,1005,95%,0.7x,100,200,6400,25600,3.0" 921k,,CF,Yes,No,5,150.000,995,147 × 123 × 77,,2008 3Q,-,GP-1(A)
D750,High-end,EXPEED 4,Full-frame,CMOS,Sony,24.3,51,91000,100%,0.7x,50,100,12800,51200,3.2" 1229k,,SD SDHC SDXC (×2),Yes,Yes,6.5,150.000,750,150.5 × 113 × 78,1080p60,2014 3Q,WiFi built in,GP-1(A)
Df,High-end,EXPEED 3,Full-frame,CMOS,Nikon,16.2,39,2016,100%,0.7x,50,100,12800,204800,3.2" 921k,,SD/SDHC/SDXC,Yes,No,5.5,150.000,710,144 × 110 × 67,,2013 4Q,-,GP-1(A)
D610,Advanced,EXPEED 3,Full-frame,CMOS,Sony,24.3,39,2016,100%,0.7x,50,100,6400,25600,3.2" 921k,,SD/SDHC/SDXC (×2),Yes,Yes,6,150.000,760,141 × 113 × 82,2013 3Q,-,GP-1(A)
D600,Advanced,EXPEED 3,Full-frame,CMOS,Sony,24.3,39,2016,100%,0.7x,50,100,6400,25600,3.2" 921k,,SD/SDHC/SDXC (×2),Yes,Yes,5.5,150.000,760,141 × 113 × 82,,2012 3Q,-,GP-1(A)
D500,Advanced,EXPEED 5,APS-C,CMOS,Sony,20.9,153[a 1],180000,100%,1x,50,100,51200,1640000,3.2″ 2359k,Tilting,SD/SDHC/SDXC  XQD,Yes,Yes,10,200.000,760,147 × 115 × 81,2016 1Q,WiFi + Bluetooth built in,GP-1(A) + SnapBridge
D300S,Advanced,EXPEED,APS-C,CMOS,Sony,12.3,51,1005,100%,0.94x,100,200,3200,6400,3.0" 921k,,CF  SD  SDHC,Yes,Yes,7,150.000,840,147 × 114 × 74,,2009 3Q,-,GP-1(A)
D300,Advanced,EXPEED,APS-C,CMOS,Sony,12.3,51,1005,100%,0.94x,100,200,3200,6400,3.0" 921k,,CF  MicroDrive,Yes,No,6,150.000,825,147 × 114 × 74,,2007 3Q,-,GP-1(A)
D200,Advanced,-,APS-C,CCD,Sony,10.2,11,1005,95%,0.94x,100,100,1600,1600,2.5" 230k,,CF  MicroDrive,No,No,5,,830,147 × 113 × 74,,2005 4Q,-,GP-1(A)
D100,Advanced,-,APS-C,CCD,Sony,6.1,5,1005,95%,0.8x,200,200,1600,1600,1.8" 118k,,CF  MicroDrive,No,No,3,,700,115 × 117 × 81,,2002 1Q,-,-
D7500,Mid-range,EXPEED 5,APS-C,CMOS,Sony,20.9,51[a 1],180000,100%,0.94x,50,100,51200,1640000,3.2″ 922k,Tilting,SD/SDHC/SDXC,Yes,Yes,8,150.000,640,135.5 × 104 × 72.5,2017 2Q,WiFi + Bluetooth built in,GP-1(A) + SnapBridge
D7200,Mid-range,EXPEED 4,APS-C,CMOS,24.2,51,2016,100%,0.94x,100,100,25600,102400,3.2" 1229k,,SD/SDHC/SDXC (×2),Yes,Yes,6,150.000,675,135.5 x 106.5 x 76,2015 2Q,Yes (Built-in),GP-1(A)
D7100,Mid-range,EXPEED 3,APS-C,CMOS,Toshiba,24.1,51,2016,100%,0.94x,100,100,6400,25600,3.2" 1229k,,SD/SDHC/SDXC (×2),Yes,Yes,6,150.000,675,135.5 x 106.5 x 76,2013 1Q,-,GP-1(A)
D7000,Mid-range,EXPEED 2,APS-C,CMOS,Sony,16.2,39,2016,100%,0.94x,100,100,6400,25600,3.0" 921k,,SD/SDHC/SDXC (×2),Yes,Yes,6,150.000,690,132 × 103 × 77,1080p24,2010 3Q,-,GP-1(A) + CA90
D90,Mid-range,EXPEED,APS-C,CMOS,Sony,12.3,11,420,96%,0.94x,100,200,3200,6400,3.0" 921k,,SD  SDHC,Yes,Yes,4.5,100.000+,620,132 × 103 × 77,720p24,2008 3Q,-,GP-1(A) + CA90
D80,Mid-range,-,APS-C,CCD,Sony,10.2,11,420,95%,0.94x,100,100,1600,3200,2.5" 230k,,SD  SDHC,No,No,3,,585,132 × 103 × 77,,2006 3Q,-,-
D70s,Mid-range,-,APS-C,CCD,Sony,6.1,5,1005,95%,0.75x,200,200,1600,1600,2.0" 130k,,CF  MicroDrive,No,No,3,,600,140 × 111 × 78,,2005 2Q,-,-
D70,Mid-range,-,APS-C,CCD,Sony,6.1,5,1005,95%,0.75x,200,200,1600,1600,1.8" 130k,,CF  MicroDrive,No,No,3,,595,140 × 112 × 79,,2004 1Q,-,-
D5600,Upper-entry,EXPEED 4,APS-C,CMOS,Sony,24.2,39,2016,95%,0.82x,100,100,25600,25600,3.2" 1037k,,SD  SDHC  SDXC,Yes,Yes,5,,415,124 x 97 x 70,1080p60,2016 4Q,WiFi + Bluetooth built in,GP-1(A) + SnapBridge
D5500,Upper-entry,EXPEED 4,APS-C,CMOS,Sony,24.1,39,2016,95%,0.82x,100,100,25600,25600,3.2" 1037k,Articulated,SD  SDHC  SDXC,Yes,Yes,5,100.000+,420,124 × 97 × 70,1080p60,2015 1Q,WiFi built in,GP-1(A)
D5300,Upper-entry,EXPEED 4,APS-C,CMOS,Sony[2],24.1,39,2016,95%,0.82x,100,100,12800,25600,3.2" 1037k,,SD  SDHC  SDXC,Yes,Yes,5,100.000+,480,125 × 98 × 76,1080p60,2013 4Q,WiFi built in,Yes (Built-in)
D5200,Upper-entry,EXPEED 3,APS-C,CMOS,Toshiba,24.1,39,2016,95%,0.78x,100,100,6400,25600,3.0" 921k,,SD  SDHC  SDXC,Yes,Yes,5,100.000+,550,129 × 98 × 78,2012 4Q,-,GP-1(A)
D5100,Upper-entry,EXPEED 2,APS-C,CMOS,Sony,16.2,11,420,95%,0.78x,100,100,6400,25600,3.0" 921k,,SD  SDHC  SDXC,Yes,Yes,4,100.000+,510,127 × 97 × 79,1080p30,2011 2Q,-,GP-1(A) + CA90
D5000,Upper-entry,EXPEED,APS-C,CMOS,Sony,12.3,11,420,95%,0.78x,100,200,3200,6400,2.7" 230k,,SD  SDHC,Yes,Yes,4,100.000+,560,127 × 104 × 80,720p24,2009 2Q,-,GP-1(A) + CA90
D60,Upper-entry,EXPEED,APS-C,CCD,Sony,10.2,3,420,95%,0.8x,100,100,1600,3200,2.5" 230k,,SD  SDHC,No,No,3,,495,126 × 94 × 64,,2008 1Q,-,-
D40X,Upper-entry,-,APS-C,CCD,Sony,10.2,3,420,95%,0.8x,100,100,1600,1600,2.5" 230k,,SD  SDHC,No,No,3,,495,126 × 94 × 64,,2007 2Q,-,-
D50,Upper-entry,-,APS-C,CCD,Sony,6.1,5,420,95%,0.75x,200,200,1600,1600,2.0" 130k,,SD,No,No,2.5,,540,133 × 102 × 76,,2005 2Q,-,-
D3500,Entry-level,EXPEED 4,APS-C,CMOS,,24.2,11,420,95%,0.85x,100,100,25600,25600,3.0" 921k,,SD  SDHC  SDXC,Yes,Yes,5,,365,124 x 97 x 69.5,1080p60,2018 2Q,WiFi + Bluetooth built in,SnapBridge
D3400,Entry-level,EXPEED 4,APS-C,CMOS,,24.2,11,420,95%,0.85x,100,100,25600,25600,3.0" 921k,,SD  SDHC  SDXC,Yes,Yes,5,,395,124 x 98 x 76,,2016 3Q,Bluetooth built in,SnapBridge
D3300,Entry-level,EXPEED 4,APS-C,CMOS,Nikon,24.2,11,420,95%,0.85x,100,100,12800,25600,3.0" 921k,,SD  SDHC  SDXC,Yes,Yes,5,,430,124 x 98 x 76,,2014 1Q,-,GP-1(A)
D3200,Entry-level,EXPEED 3,APS-C,CMOS,Nikon,24.2,11,420,95%,0.8x,100,100,6400,12800,3.0" 921k,,SD  SDHC  SDXC,Yes,Yes,4,100.000+,455,125 x 96 x 77,1080p30,2012 2Q,Yes (with WU-1a Wireless Adapter),GP-1(A)
D3100,Entry-level,EXPEED 2,APS-C,CMOS,Nikon,14.2,11,420,95%,0.8x,100,100,3200,12800,3.0" 230k,,SD  SDHC  SDXC,Yes,Yes,3,100.000+,455,125 × 97 × 74,,2010 3Q,-,GP-1(A) + CA90
D3000,Entry-level,EXPEED,APS-C,CCD,Sony,10.2,11,420,95%,0.8x,100,100,1600,3200,3.0" 230k,,SD  SDHC,No,No,3,100.000+,485,126 × 94 × 64,,2009 3Q,-,-
D40,Entry-level,-,APS-C,CCD,Sony,6.1,3,420,95%,0.8x,200,200,1600,3200,2.5" 230k,,SD  SDHC,No,No,2.5,,475,126 × 94 × 64,,2006 4Q,-,-
Model,Level,Image processor,Sensor format,Sensor type,Sensor manufacturer,Megapixels,Focus points,Metering pixels,Viewfinder coverage,Viewfinder magnification,ISO min (expanded),ISO min,ISO max,ISO max (expanded),Touch screen,Storage media,Live view,Movie mode,Max FPS,Shutter Rating,Weight (g),Dimensions (mm),Video,Release Date,WiFi/Bluetooth,GPS
