Software,Creates?,Modifies?,Mounts?,Restores?,Extracts?,Burns?,Input,Output,OS,License,Last_Update_Release
7-Zip,Yes,No,No,No,Yes,?,CramFS  DMG  FAT  HFS  MBR  NTFS  ISO  SquashFS  UDF  VHD  WIM[1],WIM,Windows  Linux  Mac OS,Free software (GPL)
AcetoneISO,Yes,No,Yes,Yes,Yes,?,CD  DVD  ISO  BIN  MDF  IMG  NRG  CUE  TOC  DMG,CD  DVD  ISO  BIN,Linux,Free software (GPL),
Acronis True Image,Yes,No,Yes,Yes,Yes,?,TIB  VHD,TIB  VHD,Windows,Shareware,
Alcohol 120%,Yes,No,Yes,Yes,No,?,ISO  B5T  B6T  BWT  CCD  CDI  CUE  MDS  NRG  ISZ,MDS/MDF  ISO,Windows,Trialware,
Alcohol 52% FE,Yes,No,Yes,No,No,?,ISO,N/A,Windows,Adware,
AnyDVD HD,Yes,No,No,No,No,?,N/A,ISO,Windows,Shareware,
Archive Manager,No,No,No,No,Yes,?,ISO,N/A,Unix-like,Free software (GPL),
Ashampoo Burning Studio,Yes,No,No,Yes,No,?,ISO  BIN/CUE,ISO  BIN/CUE,Windows,Shareware[a],
BlindWrite,Yes,No,No,Yes,No,?,B5T  B6T  BWA  BWI  BWS  BWT  CUE/BIN  ISO  MDS/MDF,B5T  B6T  BWA  BWI  BWS  BWT  CUE/BIN  ISO  MDS/MDF,Windows,Shareware,
Brasero,No,No,No,Yes,No,?,ISO  CUE,CD  DVD,Linux,Free software (GPL),
Burnatonce,No,No,No,Yes,No,?,ISO  CUE  TOC,N/A,Windows,Freeware,
CDBurnerXP,Yes,No,No,Yes,No,?,ISO  MDS/MDF  NRG  BIN/CUE,ISO  MDS/MDF,Windows,Freeware,
CDemu,No,No,Yes,No,No,?,CSO  ECM  GBI  GZ  XZ  ISZ  DMG  ISO  UDF  NRG  CDI  CCD  SUB  IMG  CUE/BIN  TOC  B5T  B6T  MDS  MDX  CIF  C2D  DAA,N/A,Linux,Free software (GPL v2),
genisoimage,Yes,No,No,No,No,?,N/A,,Linux  Unix,Free software (GPL),
isoinfo,No,No,No,No,Yes,?,,N/A,Unix  Linux  Amiga Windows  Mac OS X,Free software (GPL),
mkisofs,Yes,No,No,No,No,?,N/A,,Unix  Linux  Amiga Windows  Mac OS X,Free software (GPL),
CDRoller,Yes,No,No,Yes,Yes,?,ISO,ISO,Windows,Shareware,
CDRWIN,?,?,?,?,?,?,CUE  BIN,CUE  BIN,Windows,Shareware,
CloneCD,Yes,No,No,Yes,No,?,N/A,ISO  UFD  IMG (CloneCD)[verification needed],Windows,Shareware,
CloneDVD,Yes,No,No,Yes,Yes,?,ISO,ISO,Windows,Shareware,
CopyCatX,Yes,No,No,Yes,Yes,?,DMG,DMG,Mac OS X,Shareware,
Daemon Tools,Yes,All editions except Lite,Yes,Yes[b],All editions except Lite,?,BIN+CUE  B5T  B6T  BWT  CCD  CDI  ISO  ISZ  MDF+MDS  MDX  NRG  VHD  VMDK and TrueCrypt[c],ISO  MDS+MDF  MDX – VHD and TrueCrypt in Ultra edition,Windows,Freemium[d],
DeepBurner,Yes,No,No,Yes,No,?,ISO,ISO,Windows,Freemium,
Disco,Yes,No,No,Yes,No,?,CDR  ISO  DMG,CDR  ISO  DMG,Mac OS X,Freeware,
DiscJuggler,?,?,?,?,?,?,CDI  ISO,CDI,Windows,Shareware,
Disk Utility,Yes,Yes,Yes,Yes,Yes,?,DMG  ISO,DMG  ISO,Mac OS X,Integral part of Mac OS X,
DiskImageMounter,No,Yes,Yes,Yes,No,?,DMG  ISO,DMG  ISO,Mac OS X,Integral part of Mac OS X,
DVD Shrink,Yes,No,No,No,Yes[e],?,ISO  NRG  IMG  MDS/Ixx,ISO,Windows,Freeware,
Exact Audio Copy,Yes[f],No,No,No,No,?,CUE,CUE/audio file types,Windows,Free software,
Furius ISO Mount,No,No,Yes,Yes,No,?,ISO  IMG  BIN  MDF  NRG,?,Linux,Free software (GPL),
Image for Windows,Yes,No,Yes,Yes,Yes,?,TBI  VHD  VMDK,TBI  VHD  VMDK,Windows,Shareware,
ImgBurn,Yes,No,No,Yes,No,?,APE  BIN  CDI  CDR  CUE  DI (Atari Disk Image)  DVD  FLAC  GCM  GI  IBQ  IMG  ISO  LST  MDS  NRG  PDI  UDI  WV,ISO  IMG  BIN/CUE,Windows,Freeware contains malware / adware,
InfraRecorder,Yes,No,No,Yes,No,?,ISO,ISO,Windows,Free software (GPL),
ISO Master[7] [8],Yes,Yes,No,No,Yes,?,ISO,ISO,Linux,Free software (GPL),
ISO Recorder,Yes,No,No,Yes,No,?,ISO,ISO,Windows,Free software (BSD license),
IsoBuster,Yes,No,No,No,Yes,?,DAO  TAO  ISO  BIN  IMG  CCD  CIF  FCD  NRG  GCD  P01  C2D  CUE  CDI  CD  GI  PXI  MDS/MDF  VC4/000  B5T/B5I  DMG  IBP  IBQ  NCD  FLP  E01/S01/L01  RMG,ISO  TAO  BIN  CUE  IBP and IBQ,Windows,Shareware,
IsoCreator,Yes,No,No,No,No,?,N/A,ISO,Windows,Free software (AFL),
K3b,Yes,No,No,Yes,Yes,?,ISO,N/A,Unix-like,Free software (GPL),
libguestfs,Yes,Yes,Yes,No,Yes,?,raw  qcow2  VMDK  VHD,raw  qcow2  VMDK  VHD,Linux,Free software (LGPL),
Loop device[9],No,No,Single volume only,No,No,?,Raw image,N/A,Linux  FreeBSD,Free software,
MagicISO,Yes,Yes,With MagicDisc,Yes,Yes,Yes,Supported by both MagicISO and MagicDisc: ISO  BIN/CUE  IMA/IMG  CIF  NRG  IMG/CCD  MDF/MDS  VCD  VaporCD  P01/MD1/XA  VC4/000  VDI  C2D  BWI/BWT  CDI  TAO/DAO  PDI.[10][11] Supported by MagicISO only: DMG  FLP  DSK  BFI  BIF  WBT[10],ISO  BIN/CUE  UIF  NRG  DMG[12],Windows,Shareware[g][13]
mount,No,No,Yes,No,No,?,ISO,N/A,Linux,Free software (GPL),
Nero Multimedia Suite,Yes,No,No,Yes,No,?,ISO  NRG,ISO  NRG,Windows,Shareware,
Nero Burning ROM,Yes,No,No,Yes,No,?,ISO  NRG,ISO  NRG,Windows,Template:Software license,
Nero Linux,Yes,No,No,Yes,No,?,ISO  NRG,ISO  NRG,Linux,Shareware (Discontinued),
Norton Ghost,Yes,No,Yes,Yes,?,?,GHO  GHS  VMDK  V2I  IV2I  PQI,GHO  GHS  VMDK,Windows,Shareware,
OSFmount,No,Yes,Yes,?,?,?,IMG  DD  ISO  BIN/CUE  00n  NRG  SDI  AFF(v3)  AFM  AFD  VMDK  E01  S01  VHD,?,Windows,Freeware,
Partimage,Yes,No,No,Yes,No,?,Compressed file system image: Ext2  Ext3  Reiserfs  FAT16  FAT32  HPFS  JFS  Xfs  UFS  HFS and NTFS,Ext2  Ext3  Reiserfs  FAT16  FAT32  HPFS  JFS  Xfs  UFS  HFS and NTFS,Linux,Free software (GPL),
PeaZip,No,No,No,No,Yes,?,DMG  ISO  VHD  WIM[14],N/A,Windows  Linux,Free software (LGPL v3),
Roxio Creator[15],Yes,No,No,Yes,No,?,ISO  C2D  BIN/CUE  GI,ISO  GI,Windows,Proprietary commercial,
Roxio Toast[16],No,No,No,Yes,No,?,ISO  BIN/CUE  IMG  DMG  CDR  NRG,N/A,Mac OS X,Proprietary commercial,
UltraISO,Yes,Yes,Yes,Yes,Yes,?,BIN/CUE  BWI/BWT/B5T/B5I/B6T/B6I  C2D  CDI  CIF  DAA  DMG  FCD  G2D  GCD/GI  IMA  IMG/CCD  IML  ISO/ISZ  LCD  MDF/MDS  NCD  NRG  P01/MD1/XA  PDI  PXI  TAO/DAO  UIF  VaporCD  VC4/000  VCD  VDI  XMD/XMF [17],BIN/CUE  CCD/IMG/SUB  ISO/ISZ  MDF/MDS  NRG,Windows,Trialware
Virtual CloneDrive,No,No,Yes,No,No,?,ISO  BIN  IMG  UDF  DVD  CCD,N/A,Windows,Freeware,
Virtual CD-ROM Control Panel,No,No,Yes,No,No,?,ISO,N/A,Windows,Freeware,
VirtualDrive Pro,No,No,Yes,No,No,?,N/A,N/A,Windows,Shareware,
WADK,Yes,Yes,Yes,Yes,No,?,WIM  WSM,WIM  WSM,Windows NT,Freeware; DISM component is included with Windows,
WinCDEmu,Yes,No,Yes,No,No,?,ISO  BIN  NRG  MDS/MDF  CCD  IMG,N/A,Windows,Free software (LGPL),
Windows Explorer,VHD only,?,Yes,ISO only,{?,?,ISO [18][19] VHD[20],VHD,Windows NT,Part of Windows,
WinRAR,No,No,No,No,Yes,?,ISO,N/A,Windows,Shareware,
WinZip,No,No,No,No,Yes,?,ISO,N/A,Windows,Shareware,
Software,Creates?,Modifies?,Mounts?,Restores?,Extracts?,,Input?,Output?,OS,License,
