,Standalone executables creation support,Symbolic computation support,OOP support,GUI creation support,Multi-dimensional arrays as primitive data type,Centralized extension library website,Can call code in other languages,Can be called from other languages
Analytica,No,No,Yes,Yes,Yes,Yes,COM  Excel,Excel  COM  .NET
Dyalog APL,Yes[10],Yes,Yes[11],Win32  .NET  WPF  HTML/JS,Yes,Yes,COM  .NET  WebServices  Shared Libraries  DLLs  NAG  R  JavaScript[12],COM  .NET  WebServices[12]
GNU Data Language,No,No,Yes,GUI Widgets since v.0.9 but still incomplete,Yes,No,C  Python,Python
GNU MCSim,Yes,No,No,XMCSim with TCL/TK and wish,No,No,C,R
GNU Octave,Yes with mkoctfile,only with GiNaC extension,Yes[13],GUI Octave code can be used[14],Yes,Yes[15],C++  Fortran [16] Perl [17] Tcl[18],Java [19] Perl [17] C++[20]
J,No,Yes,Yes,Yes,Yes,Yes,JavaScript,JavaScript
Julia,No,No,Yes,Yes,Yes,Yes,C  Fortran Python  C++  Java  MATLAB,C  Fortran,Python  C++  Java  MATLAB,C/C++
C  Fortran
Python  C++  Java  MATLAB
LabVIEW,Professional System version With add-on[21],Professional System version,With add-on[21],No,Yes[22] GOOP[23] G#[24],Yes[22],GOOP[23],G#[24],Yes,Yes,Yes[25],C/C++ [26] DLLs  Python [27] Perl  Tcl [28] MATLAB  ActiveX  C#/.NET With add-ons. I.e.[29],C/C++ [26] DLLs  Python [27] Perl  Tcl [28] MATLAB  ActiveX  C#/.NET,With add-ons. I.e.[29],Yes[30]
Professional System version
With add-on[21]
Yes[22]
GOOP[23]
G#[24]
C/C++ [26] DLLs  Python [27] Perl  Tcl [28] MATLAB  ActiveX  C#/.NET
With add-ons. I.e.[29]
Maple,No,Yes,Yes[31],Yes,Yes,Yes[32],C  C#  Fortran,MATLAB [33] Excel [34] VisualBasic  Java  and C[35]
Mathematica,Yes[36],Yes,Yes,Yes,Yes,Yes[37],Java  .NET  C++  Fortran  CUDA  OpenCL  R  Python,Java  .NET  C++ Excel [38] LabVIEW[39] Haskell [40] AppleScript [41] Racket [42] Visual Basic [43] Python[44][45]Clojure[46] MATLAB[47],Java  .NET  C++,Excel [38] LabVIEW[39],Haskell [40] AppleScript [41] Racket [42] Visual Basic [43] Python[44][45]Clojure[46] MATLAB[47]
Java  .NET  C++
Excel [38] LabVIEW[39]
Haskell [40] AppleScript [41] Racket [42] Visual Basic [43] Python[44][45]Clojure[46] MATLAB[47]
MATLAB,with extension[48],with extension library[49],Yes[50],Yes,Yes,Yes[51],Through MEX[52] files: C  C++  Fortran. Also compiled Java and ActiveX components. Mathematica[47],Through MEX[52] files: C  C++  Fortran. Also compiled Java and ActiveX components.,Mathematica[47],.NET [53] Java [54] Excel[55]
Through MEX[52] files: C  C++  Fortran. Also compiled Java and ActiveX components.
Mathematica[47]
MLAB,No,Yes,No,Yes,Yes,No,No,No
PDL,Yes[56],No,Yes[57],Yes[58],Yes,Yes[59],C via perlXS; C  Python  F77  etc. via Inline,Perl  C[60]
R,No,Yes and extended via Ryacas package,Yes[61],Via the tcltk library,Yes,Yes[62],C  C++  Fortran[63] MATLAB[64] Python[65],C  C++  Fortran[63],MATLAB[64],Python[65],Excel[66] Python[67] SAS[68],Excel[66],Python[67],SAS[68]
C  C++  Fortran[63]
MATLAB[64]
Python[65]
Excel[66]
Python[67]
SAS[68]
SageMath,No,Yes,Yes,No,Yes,Yes[69],Many languages[70][71][72],Yes (any language that can call Python)
SAS,No,No,DS2 and SCL,Yes,No,No,C  Java R (requires IML),C  Java,R (requires IML),No
C  Java
R (requires IML)
TK Solver,with extension,No,Yes,with extension,Yes,Yes,.NET Excel,Unknown
