Server name,License,Programming language,RFC 2616 HTTP/1.1,RFC 2617 HTTP auth.,RFC 2518 WebDAV,RFC 3253 WebDAV vers.,RFC 3744 WebDAV ACL,RFC 4324 iCal CAP,RFC 4331 WebDAV quota,RFC 4709 WebDAV mount,RFC 4791 CalDAV,RFC 4918 WebDAV ext.,RFC 5397 WebDAV current principal,RFC 5546 iCal iTIP(Group Scheduling),RFC 5689 WebDAV ext. MKCOL,RFC 5995 WebDAV POST add member,RFC 6352 CardDAV vCard,RFC 6578 WebDAV sync,RFC 6638 CalDAV sched.(Auto-Schedule),RFC 7529 iCal RSCALE,RFC 7540 HTTP/2,RFC 7809 CalDAV time zones by ref.,RFC 7953 iCal VAVAILABILITY,Free-busy URL
Baïkal[21][22],GNU GPL,PHP,Yes,Yes,Yes,No,Some,No,Unknown,No,Yes,Yes,Yes,Yes,Unknown,Yes,Unknown,Yes,Unknown,Unknown,Unknown,Unknown,Unknown,Unknown,Unknown
Bedework[23],Apache,Java,Unknown,Unknown,Unknown,Unknown,Unknown,Unknown,Unknown,Unknown,Yes,Unknown,Unknown,Yes,Yes,Unknown,Unknown,Yes,Yes,Yes,Unknown,Unknown,Unknown,Unknown,Unknown
Calendar and Contacts Server[24],Apache,Python,Yes,Yes,Yes,Yes,Yes,No,Unknown,No,Yes,Yes,Yes,Yes,Yes,Yes,Unknown,Yes,Yes,Yes,Unknown,Unknown,Unknown,Unknown,Unknown
Calypso[25],GNU GPL,Python,Yes,Yes,Yes,No,Unknown,No,Unknown,No,Yes,Yes,No,Yes,Yes,Unknown,Unknown,Unknown,Unknown,Unknown,Unknown,Unknown,Unknown,Unknown,Unknown
Cyrus IMAP[26],BSD,C,Yes,Yes,Yes,Some,Yes,No,Yes,Yes,Yes,Yes,Yes,Yes,Yes,Yes,Yes,Yes,Yes,Yes,Yes,Yes,Yes,Yes,Yes
DAViCal[27],GNU GPL,PHP,Yes,Unknown,Unknown,Yes,Yes,Yes,Unknown,Yes,Yes,Yes,Yes,Yes,Yes,Yes,Unknown,Yes,Yes,Yes,Unknown,Unknown,Unknown,Unknown,Unknown
DavMail[28],GNU GPL,Java,Unknown,Unknown,Unknown,Unknown,Unknown,Unknown,Unknown,Unknown,Unknown,Unknown,Unknown,Unknown,Unknown,Unknown,Unknown,Unknown,Unknown,Unknown,Unknown,Unknown,Unknown,Unknown,Unknown
Fennel[29],GNU GPLv3,JavaScript,Unknown,Unknown,Unknown,Unknown,Unknown,Unknown,Unknown,Unknown,Unknown,Unknown,Unknown,Unknown,Unknown,Unknown,Unknown,Unknown,Unknown,Unknown,Unknown,Unknown,Unknown,Unknown,Unknown
Group-Office[30],AGPL  proprietary,PHP,Yes,Yes,Yes,Unknown,Some,Unknown,Unknown,Yes,Yes,Yes,Yes,Yes,Unknown,Yes,Unknown,Yes,Unknown,Unknown,Unknown,Unknown,Unknown,Unknown,Unknown
Horde Groupware,OSS,PHP,Yes,Yes,Yes,No,Some,No,No,Unknown,Yes,Yes,Yes,Yes,Yes,No,No,Yes,No,No,No,No,No,No,No
Nextcloud[31],AGPL v3,PHP,Unknown,Unknown,Unknown,Unknown,Unknown,Unknown,Unknown,Unknown,Yes,Unknown,Unknown,Unknown,Unknown,Unknown,Unknown,Yes,Unknown,Unknown,Unknown,Unknown,Unknown,Unknown,Unknown
Open Xchange,GNU GPL  CC,Java  JavaScript,Unknown,Unknown,Unknown,Unknown,Unknown,Unknown,Unknown,Unknown,Unknown,Unknown,Unknown,Unknown,Unknown,Unknown,Unknown,Yes,Unknown,Unknown,Unknown,Unknown,Unknown,Unknown,Unknown
ownCloud[32],AGPL v3,PHP,Unknown,Unknown,Unknown,Unknown,Unknown,Unknown,Unknown,Unknown,Yes,Unknown,Unknown,Unknown,Unknown,Unknown,Unknown,Yes,Unknown,Unknown,Unknown,Unknown,Unknown,Unknown,Unknown
Radicale[33],GNU GPL,Python,Yes,Yes,Some,No,Some,No,Unknown,No,Some,Some,Some,No,Some,No,Unknown,Some,Unknown,No,Unknown,Unknown,Unknown,Unknown,Unknown
SabreDAV[34],BSD,PHP,Yes,Yes,Yes,Yes,Yes,Yes,Unknown,Yes,Yes,Yes,Yes,Yes,Yes,Yes,Unknown,Yes,Unknown,Yes,Unknown,Unknown,Unknown,Unknown,Unknown
Xandikos[35],GNU GPL,Python,Yes,Yes,Yes,Some,Some,No,No,No,Yes,Yes,Yes,Yes,No,Yes,Yes,Yes,Yes,No,Unknown,Yes,No,No,Unknown
Zarafa,AGPL  proprietary,PHP,Unknown,Unknown,Unknown,Unknown,Unknown,Unknown,Unknown,Unknown,Unknown,Unknown,Unknown,Unknown,Unknown,Unknown,Unknown,Read only,Unknown,Unknown,Unknown,Unknown,Unknown,Unknown,Unknown
Zentyal[36],GNU GPL,Perl,Unknown,Unknown,Unknown,Unknown,Unknown,Unknown,Unknown,Unknown,Unknown,Unknown,Unknown,Unknown,Unknown,Unknown,Unknown,Unknown,Unknown,Unknown,Unknown,Unknown,Unknown,Unknown,Unknown
Zimbra,GNU GPL,Perl,Yes,Yes,Yes,Yes,Yes,No,Unknown,No,Yes,Unknown,Yes,Yes,Yes,Yes,Unknown,Yes,Unknown,Yes,Unknown,Unknown,Unknown,Unknown,Unknown
