Name,Platform,License,Builders: Windows,Builders: Java,Builders: other,Notification,Integration  IDEs,Integration  other
Abstruse CI,Cross-Platform  Self-Hosted,Proprietary  MIT,No,Ant  Maven  Gradle  Android,C  C++  Go  Groovy  Java  Node.js  Perl  PHP  Python  Ruby,No,No,GitHub  Bitbucket  Gitlab  Gogs
AnthillPro,Cross-platform,Proprietary,MSBuild  NAnt  Visual Studio,Ant  Maven 1-2-3,Shell script  batch script  cross-platform command-line  Groovy  Make  RTC Jazz  TFS Build  Custom Script Interpreter,Email  XMPP  RSS  Systray,Eclipse  Visual Studio,Many
Apache Continuum,JDK  web container,Apache 2.0,Unknown,Maven 1-2-3,Shell script[2],Mail  XMPP and Google Talk  MSN  IRC  report deployment with wagon,Unknown,Unknown
Apache Gump,Python,Apache 2.0,Unknown,Ant  Maven 1,Unknown,Email,Unknown,Unknown
AppVeyor,Hosted,Proprietary,Visual Studio  MSBuild  Psake,No,Custom Script  PowerShell,Email  HipChat  Slack  Catlight,No,GitHub  Bitbucket  Kiln  Windows Azure
Bamboo,Web container,Proprietary,MSBuild [3] NAnt [4] Visual Studio[5],Ant [6] Maven 1-2-3[7],Custom script  command-line tool  Bash  Xcode [8] Phing [9] Grunt  Grails[10],XMPP  Google Talk  Email  RSS  Remote API  HipChat,IntelliJ IDEA  Eclipse  Visual Studio,FishEye  Jira  Clover  Bitbucket  GitHub
Buddy,Cross-platform,Proprietary,No,Ant  Maven  Gradle,Elixir  Go  Haskell  Node.js  PHP  Python  Ruby  .NET Core,Desktop  Email  Slack  SMS,No,Amazon Web Services  Bitbucket  GitHub  GitLab  Google Cloud Services  Heroku  Modulus
Buildbot,Python,GPL,Command-line,Command-line,Command-line,Email  Web  GUI  IRC,Unknown,Unknown
BuildMaster,Cross-platform,Proprietary,Yes,Yes,Cross-platform command-line,Email  custom,No,Many
CABIE,LAMP,GPL2,Unknown,Unknown,Unknown,Web,Unknown,Unknown
CircleCI,Hosted,Proprietary,No,Maven  Gradle[11],Yes[12],Email  Web[13],No,GitHub  Bitbucket  Heroku
CruiseControl,Cross-platform,BSD-style,NAnt  Rake  Xcode,Phing  Apache Ant  Maven,catch-all 'exec',Email  CCTray,Eclipse,Unknown
CruiseControl.NET,Cross-platform,BSD-style,MSBuild  NAnt  Visual Studio,Unknown,Command-line,Email  CCTray  RSS,Unknown,Unknown
Drone,Cross-platform,Apache 2.0,No,Ant  Maven  Gradle[14],Docker[15]  Java  Node.js  Python  Go  Elixir  Scala[16],WeChat  Matrix  Discord  Email  GTalk  Telegram  Facebook  Line  Gitter  HipChat  Slack[17],No,GitHub[18]  Bitbucket  Gitlab  Gitea  Gogs  Coding
GitLab,Cross-Platform  Self-Hosted,Proprietary  MIT,Yes[19],Maven[20]  Gradle[21],SSH  Shell  VirtualBox  Parallels Docker  Kubernetes)[22],{{Email  Web  Slack and others[23]}},WebIDE[24],Many
GoCD,Cross-platform,Apache 2.0,Command-line,Command-line,Command-line,Email  hipchat  Slack  Gerrit  Gitter  Riemann etc,No,GitHub
Jenkins-Hudson,Web container,Creative Commons and MIT,MSBuild  NAnt  Batch Script,Ant  Maven 2  Kundo,CMake  Gant  Gradle  Grails  Phing  Rake  Ruby  SCons  Python  shell script  command-line,Android  Email  Google Calendar  IRC  XMPP  RSS  Twitter  Slack  Catlight  CCMenu  CCTray,Eclipse  IntelliJ IDEA  NetBeans,Bugzilla  Google Code  Jira  Bitbucket  Redmine  FindBugs  Checkstyle  PMD and Mantis  Trac  HP ALM
OpenMake Software Meister,Cross-platform,Proprietary,MSBuild  NAnt  Visual Studio,Ant  Maven 1-2-3,Shell script  batch script  cross-platform command-line  Groovy  Make  RTC Jazz  TFS Build  Custom Script Interpreter,Email  XMPP  RSS  Systray,Eclipse  Visual Studio,Bugzilla  Google Code  Jira  Bitbucket  Redmine  FindBugs  Checkstyle  PMD and Mantis  Trac
Semaphore (software),Hosted,Proprietary,No,Maven  Gradle,Ruby  Java  Python  Node.js  PHP  Clojure  C/C++  Elixir  Erlang  Go  Rake  command-line,Email  Campfire  HipChat  Slack  Flowdock  Webhooks  Remote API,Unknown,GitHub  Bitbucket  Heroku  AWS  Code Climate  Cloud 66
Travis CI,Hosted,MIT,No,Ant  Maven  Gradle[25],C  C++  Clojure  Elixir  Erlang  Go  Groovy  Haskell  Java  Node.js  Perl  PHP  Python  Ruby  Rust  Scala  Smalltalk,Email  Campfire  HipChat  IRC  Slack  Catlight  CCMenu  CCTray,No,GitHub  Heroku
TeamCity,Web container,Proprietary,MSBuild  NAnt  Visual Studio  ReSharper-based .NET code analysis,Ant  Maven 2-3  Gradle  IntelliJ IDEA-based build and code analysis,command-line  PowerShell [26] Xcode [27] Rake  FxCop,Email  XMPP  RSS  IDE  SysTray  Catlight,Eclipse  Visual Studio  IntelliJ IDEA  RubyMine  PyCharm  PhpStorm  WebStorm,JetBrains YouTrack  Jira  Bugzilla  FishEye  FindBugs  PMD  dotCover  NCover
Team Foundation Server  Visual Studio Team Services (VSTS),Cross-platform,Proprietary  MIT,MSBuild  Visual Studio,Ant  Maven  Gradle  Android,C  C++  Go  Groovy  Java  Node.js  Perl  PHP  Python  Ruby,Email  SOAP  Catlight,Visual Studio  Eclipse  IntelliJ IDEA  Android Studio  Visual Studio Code,GitHub  Jenkins  Slack  Hipchat  FindBugs  Checkstyle  PMD
Vexor,Hosted,Proprietary,No,Unknown,Ruby  Clojure  Scala  Python  Node.js  Go  Rust  Haskell,Email  HipChat  Slack,Unknown,GitHub  Bitbucket  Gitlab
