Dataset Name,Brief description,Preprocessing,Instances,Format,Default Task,Created (updated),Reference,Creator
Enron Email Dataset,Emails from employees at Enron organized into folders.,Attachments removed  invalid email addresses converted to user@enron.com or no_address@enron.com.,~ 500.000,Text,Network analysis  sentiment analysis,2004 (2015),[182][183],Klimt  B. and Y. Yang
Ling-Spam Dataset,Corpus containing both legitimate and spam emails.,Four version of the corpus involving whether or not a lemmatiser or stop-list was enabled.,,Text,Classification,2000,[184][185],Androutsopoulos  J. et al.
SMS Spam Collection Dataset,Collected SMS spam messages.,None.,5574,Text,Classification,2011,[186][187],T. Almeida et al.
Twenty Newsgroups Dataset,Messages from 20 different newsgroups.,None.,20.000,Text,Natural language processing,1999,[188],T. Mitchell et al.
Spambase Dataset,Spam emails.,Many text features extracted.,4601,Text,Spam detection  classification,1999,[189],M. Hopkins et al.
