Dataset Name,Brief description,Preprocessing,Instances,Format,Default Task,Created (updated),Reference,Creator
Aerial Image Segmentation Dataset,80 high-resolution aerial images with spatial resolution ranging from 0.3 to 1.0.,Images manually segmented.,80,Images,Aerial Classification  object detection,2013,[116][117],J. Yuan et al.
KIT AIS Data Set,Multiple labeled training and evaluation datasets of aerial images of crowds.,Images manually labeled to show paths of individuals through crowds.,~ 150,Images with paths,People tracking  aerial tracking,2012,[118][119],M. Butenuth et al.
Wilt Dataset,Remote sensing data of diseased trees and other land cover.,Various features extracted.,4899,Images,Classification  aerial object detection,2014,[120][121],B. Johnson
Forest Type Mapping Dataset,Satellite imagery of forests in Japan.,Image wavelength bands extracted.,326,Text,Classification,2015,[122][123],B. Johnson
Overhead Imagery Research Data Set,Annotated overhead imagery. Images with multiple objects.,Over 30 annotations and over 60 statistics that describe the target within the context of the image.,1000,Images  text,Classification,2009,[124][125],F. Tanner et al.
SpaceNet,SpaceNet is a corpus of commercial satellite imagery and labeled training data.,GeoTiff and GeoJSON files containing building footprints.,>17533,Images,Classification  Object Identification,2017,[126][127][128],DigitalGlobe  Inc.
UC Merced Land Use Dataset,These images were manually extracted from large images from the USGS National Map Urban Area Imagery collection for various urban areas around the US.,This is a 21 class land use image dataset meant for research purposes. There are 100 images for each class.,2.100,Image chips of 256x256  30 cm (1 foot) GSD,Land cover classification,2010,[129],Yi Yang and Shawn Newsam
SAT-4 Airborne Dataset,Images were extracted from the National Agriculture Imagery Program (NAIP) dataset.,SAT-4 has four broad land cover classes  includes barren land  trees  grassland and a class that consists of all land cover classes other than the above three.,500.000,Images,Classification,2015,[130],S. Basu et al.
SAT-6 Airborne Dataset,Images were extracted from the National Agriculture Imagery Program (NAIP) dataset.,SAT-6 has six broad land cover classes  includes barren land  trees  grassland  roads  buildings and water bodies.,405.000,Images,Classification,2015,[130],S. Basu et al.
