Languages,Size,First,Last
Ada,name'Length,name'First,name'Last
ALGOL 68,UPB name - LWB name+1 2 UPB name - 2 LWB name+1 etc.,LWB name 2 LWB name etc.
APL,⍴ name (⍴ name)[index],⎕IO,(⍴ name)-~⎕IO (⍴ name)[index]-~⎕IO
AWK,length,1,asorti
C#  Visual Basic .NET  Windows PowerShell  F#,name.Length,name.GetLowerBound(dimension),name.GetUpperBound(dimension)
CFML,arrayLen(name) name.len(),1,name.len()
Ch,max(shape(name)),0,max(shape(name))-1
Cobra,name.length,0,name.length-1
Common Lisp,(length name),0,(1- (length name))
D,name.length,0
Fortran,SIZE(name),LBOUND(name),UBOUND(name)
Go,len(name),0,len(name) - 1
Haskell,rangeSize (bounds name),fst (bounds name),snd (bounds name)
Haxe,name.length,0,name.length - 1
ISLISP,(length name),0,(1- (length name))
Java  JavaScript  D  Scala,name.length,0,name.length - 1
J,#name,0,<:@#name
Lingo,count(name),1,getLast(name)
Lua,#name,1,#name
Mathematica,Length[name],1 First[name],-1 Last[name]
MATLAB  GNU Octave  Julia,length(name),1,end
Object Pascal,Length(name),0 low(name),Length(name)-1 high(name)
Objective-C (NSArray * only),[name count],0,[name count] - 1
OCaml,Array.length name,0,Array.length name - 1
Perl,scalar(@name),$[,$#name
Perl 6,@name.elems,0,@name.end
PHP,count($name),0,count($name) - 1
Python,len(name),0,-1 len(name) - 1
Ruby,name.size,0 name.first,-1 name.size - 1 name.last
Rust,name.len(),0,name.len() - 1
S-Lang,length(name),0,-1 length(name)-1
Scheme,(vector-length vector),0,(- (vector-length vector) 1)
Smalltalk,name size,1 name first,name size name last
Swift,name.count,0,name.count - 1
Visual Basic,UBound(name)-LBound(name)+1,LBound(name),UBound(name)
Wolfram Language,Length[name],1 First[name],-1 Last[name]
Xojo,UBound(name),0,UBound(name)
XPath/XQuery,count($name),1,count($name) last() array:size(name)[2]
