,Product image attaching,Product rating,Product reviews,Quotes,Reordering,Returns,Searching,Search as user types,Search cloud,Site map  viewable,Social bookmarking,Tell friends,Wish list
Apache OFBiz,Yes,Yes,Yes,Yes,Yes,Yes,Yes,Yes,No,Yes,Yes,Yes,Yes
Batavi,Yes,Yes,Yes,Yes,Yes,No,Yes,No,Yes,Yes,No,Yes,Yes
Bigcommerce,Yes,3rd party,3rd party,No,Yes,Yes,Yes,Yes,No,Yes,Yes,Yes,Yes
Drupal Commerce,Yes,Yes,Yes,No,Yes,Yes,Yes,Yes,Yes,Yes,Yes,Yes,Yes
KonaKart,Yes,Yes,Yes,No,Yes,Yes,Yes,No,No,No,Yes,Yes,Yes
LemonStand,Yes,Yes,Yes,No,No,Yes,Yes,No,Yes,Yes,Yes,Yes,Yes
nopCommerce,Yes,Yes,Yes,Yes,Yes,Yes,Yes,Yes,Yes,Yes,Yes,Yes,Yes
Magento,Yes,Yes,Yes,No,Yes,Yes,Yes,Yes,Yes,Yes,Yes,Yes,Yes
osCommerce,No,Yes,Yes,No,No,No,Yes,Add-on,No,No,Yes,Yes,No
pimcore,Yes,Yes,Yes,Yes,Yes,Yes,Yes,Yes,Yes,Yes,Yes,Yes,Yes
PrestaShop,Yes,Yes,Yes,No,Yes,Yes,Yes,Yes,Yes,Yes,Yes,Yes,Yes
Sana Commerce,Yes,Yes,Yes,Yes,Yes,No,Yes,Yes,No,Yes,Yes,Yes,Yes
Shopify,Yes,Yes,Yes,Yes,Yes,Yes,Yes,3rd party module,3rd party module,Yes,Yes,Yes,Yes
SupaDupa,Yes,No,No,Yes,Yes,No,Yes,Yes,No,Yes,No,Yes,No
Virto Commerce,Yes,Yes,Yes,Yes,Yes,No,Yes,Yes,Yes,Yes,Yes,Yes,Yes
WooCommerce,Yes,Yes,Yes,Yes,Yes,Yes,Yes,Yes,Yes,Yes,Yes,Yes,Yes
Zen Cart,Yes,Yes,Yes,Yes,No,Add-on[27],Yes,3rd party module  price varies[28],No,Yes,Add-on[29],Yes,Add-on[30]
,Product image attaching,Product rating,Product reviews,Quotes,Reordering,Returns,Searching,Search as user types,Search cloud,Site map  viewable,Social bookmarking,Tell friends,Wish list
