Meaning,Portuguese < French,Spanish
lampshade  lamp,abajur  abat-jour < abat-jour,lámpara < Gr. Λάμπας
dam,barragem < barrage,dársena < Arabic دار الصناعة (dār aṣ-ṣināʕa)
boutique,boutique  butique < boutique,tienda < Lat tendere
roadside  berm,berma < berme,arcén< Lat arger
skid,derrapagem < dérapage,resbalo < Lat. re + exvarare
clutch (car),embraiagem  embreagem < embrayage < Gaulish/Celtic 'braca',embrague < Lat. 'braca' < Gaulish/Celtic 'braca'
electric drill,berbequim < vilebrequin,taladradora eléctrica < Lat. + Greek taratrum + ήλεκτρον + ikos
lipstick,batom  baton < bâton,pintalabios < Lat. pingere+labium
crib,berço < berceau,cuna < Lat. cunam
appearance-money (artists  performers),caché  cachet < cachet,emolumento< Lat. molĕre
shop window,montra < montre,escaparate < Dutch schraprade
grey-haired,grisalho < grison,canoso < Lat. canosus
flower basket,corbelha < corbeille,cesta < Lat. cista
beetroot  beet,beterraba < betterave,remolacha < Ita. ramolaccio  < Lat. armoracĭum  < Gr. αρμορακία
swing,balancé < balancé,columpio < Gr. κολυμβᾶν
brioche,brioche < brioche,bollo de leche < Lat. bulla + lacte
candy  sweet,bombom  bombons < bonbon(s),dulce < Lat. dulcis
club  (police) baton,cassetete  casse-tête < casse-tête,porra (de policía) < Lat. porrum
cap,boné < bonnet,gorra < (unknown)
coat,casaco < casaque < Ukrainian козак,abrigo < Lat. apricus < aperire
reciter (poetry),diseur < diseur,recitador < Lat. recitātor
basket  shopping-basket,cabaz < cabas < Old Provençal/Occitan cabas,cesta < Lat. cista
delicatessen,charcuteria/charcutaria < charcuterie,embutidos < Lat. in + buttis
gaffe,gafe < gaffe,metedura de pata < Lat. + Ar. mittĕre + بط baṭṭ
gauze,gaze < gaze,gasa < Pers. kaz
gouache,guache < gouache,aguada < Lat. aqua
crane  hoist,guindaste < guindeau < guindas,grúa < Lat. gruae
helmet,capacete < cabasset < Old Provençal/Occitan cabas,casco < Lat. quassare
to tidy up (verb),arrumar < arrimer < arrumer,arreglar < Lat. regulare
to roll (verb),rolar < rouler,rodar < Lat. rotāre
buffet,bufete  bufê  buffet < buffet,mostrador de comidas  buffet < Lat. monstrātor + prefix 'com'+edere
earbuds  cotton buds,cotonetes < cotonnettes,bastoncillos (de algodón) < Lat. bastum + suffix illo
scarf (ladies),echarpe  écharpe < écharpe,bufanda < Probably Old Fr. bouffante
éclair (pastry),éclair  ecler < éclair,pastelillo de crema < Lat. pastellus + suffix illo
badge,crachá < crachat,distintivo < Lat. distinctus + suffix 'ivo'
quay  wharf,cais < quai,muelle < Lat. mollis
hat,chapéu < chapeau,sombrero < sombra 'shade'
pushpin  thumbtack,pionés  pionese < punaise,chincheta < Lat. cimex + suffix eta
advert board  placard,placar  placard < placard,cartel < Lat. charta
gypsy  roma/romani  traveller,cigano < Old French cigain < Rus цыган (tsigan),gitano < Lat. aegyptano
dodgy  crappy,reles  ralé < relais,chungo(a) < Caló < Romani tžung
cliff,falésia < falaise,acantilado < Lat. cantus + Sp. suffix 'ado'
creche,creche < crèche,guardería (infantil) < Germanic wardon
croquette  quenelle,croquete < croquette
crunchy  crisp,crocante < croquant,crujiente < probably Lat. cruscĭre
crochet,crochê  croché < crochet,ganchillo < gancho (probably pre-Roman)
courgette  zucchini,courgette  curgete < courgette,calabacín < Persian kharbuz
cutlery,couverts < couverts (de table),cubiertos < Lat. coopertus
takeoff (aviation),decolagem  descolagem < décollage,despegue < Lat. des + picare
panelling (architecture/building),lambri  lambril  lambrim < lambris,zócalo(s) < Lat. socculus
tip (money),gorjeta < gorge + suffix 'eta',propina < Lat. propināre < Gre. propinein
screen,ecrã  écran < écran,pantalla < Catalan ventall(a) or Fr. ventaille
package  packing,embalagem < emballage,envase < Lat. vasum
envelope,envelope < enveloppe,sobre < sobre (Spanish preposition)
crook  swindler,escroque < escroc,estafador < estafar < Ital. staffare
puppet  marionette,marionete < marionette,títere < onomatopoeic
ravine,ravina < ravine,barranco  arroyo < Pre-Roman barruanjo  arrugia
grill  rotisserie,rotisseria < rôtisserie,assador < Lat + suffix assus
rouge  blush,rouge  ruge < rouge,colorete < Lat. coloris + suffix 'ete'
rubber boot  Wellington boot,galocha < galoche,katiuska < Russ. Катюшка (woman's name)
souvenir,souvenir < souvenir,recuerdo < Lat. re + cordis
strike (work stoppage),greve < grève,huelga < holgar < Late Lat. fŏllicāre
turmoil,turbilhão < tourbillon,vorágine  torbellino < Lat. vorāgĭnis  turboĭnis
vernissage,vernissage  vernissagem < vernissage,inauguración < Lat. inaugurare
voyeur,voyeur < voyeur,mirón < Lat. mirari
nightclub  club,boate  boîte < boîte,club de noche  nightclub < Eng. club + Sp. de noche  < Eng. nightclub
box office  ticket window,guichê < guichet,taquilla < Arabic ṭāqa
wheel rim,jante < jante,aro < Lat. arum < Greek ἄρον
newspaper,jornal < journal,periódico < período < Lat. periodus< Anc.Gr. Περίοδος
madam,madame < madame,señora < Lat. seniōrem
menu,menu < menu
à la carte,à la carte < à la carte,a la carta < Sp. + Lat. charta
leave things until the last minute,à la dernière < à la dernière (minute),dejar todo para el final < Lat.
blueberry,mirtilo < myrtille,arándano < Celt. aran + < Lat. rodandărum  (Port. arando means 'cranberry')
Afternoon show,matinée  matiné < matinée,función de tarde < Lat. functio + tardus
omelette,omelete < omelette,tortilla < Lat.+ diminutive torta + illa
beef tenderloin,filé mignon < filet mignon,solomillo de ternero < Lat.+ diminutive so + limbus + illo + tenerum
grill,grelha < grille,parrilla < Uncertain origin parra + illa
slippers,pantufas < pantoufles,zapatillas de casa < Arabic سباط (sabbat) + Sp. suffix illa
underpants,trusse  trusses < trousse,calzoncillo < Lat. calceus + Sp. suffix illo
New Year's Eve,réveillon < réveillon,(fiesta de) nochevieja < Lat. noctem + vetulus
survey  poll  probe,sondagem < sondage,sondeo < Lat. subundare
upstream/downstream  upwards/downwards  (tide  waterway  financial markets/economic trends  chain-production  etc.),montante/jusante < montant/jusant,(aguas)abajo / (aguas) arriba < Lat. + prefix a + bassus / ad + ripam
to scold  to nag,ralhar < railler < Old Occitan ralhar,reñir  regañar < Lat. ringere
train,comboio < convoi
tureen  terrine,terrina  terrine < terrine,sopera < Ger + Sp. suppa + era
toilet,toalete < toilette,servicios  aseos < Lat. servitĭum  assediāre  (etc.)
tour,tournée  turné  turnê < tournée,gira < Lat. gyrus
screening,triagem < triage,selección < Lat. selectiōnem
vehicle,viatura < voiture,vehículo < Lat. vehiculum
