Distribution,Founder,Maintainer,Initial release year,Current stable version,Security updates (years),Release date,System distribution commitment,Forked from,Target audience,Cost,Status
Alpine Linux,Alpine Linux Team,Alpine Linux Team,2006,3.8.0,?,2018-06-26[2],X,–,security  lightweight  general,Gratis,Active
ALT Linux,ALT Linux Team,ALT Linux Team  ALT Linux LLC,2001,8.2,?,2013-07-10[3],X,Mandrake Linux,general  school,Gratis,Active
Antergos,Alexandre Filgueira,Antergos Project,2012,Rolling,Rolling,Rolling,X,Arch Linux,general,Gratis,Active
antiX,Anticapitalista,Anticapitalista,2007,17,?,2017-08-24[4],X,Debian  MEPIS,old computers,Some editions are gratis,Active
ArchBang,Willensky Aristide,Stan McLaren,2010,Rolling,Rolling,?,X,Arch Linux,general,Gratis,Active
Arch Linux,Judd Vinet,dev team,2002,Rolling,Rolling,Rolling,X,–,general,Gratis,Active
BLAG,Brixton Linux Action Group,Brixton Linux Action Group,2002,140k,?,2011-05-04,100% Free: GNU FSDG,Fedora,desktop,Gratis,Inactive
Bodhi Linux,Bodhi Linux Team,Bodhi Linux Team,2011,4.5.0[5],?,2018-02-24,X,Debian  Ubuntu,desktop,Gratis,Active
Canaima,CANTV / CNTI / CENTIDEL / Edelca / VIT / FUNDACITE / Free software community,CANTV / CNTI / CENTIDEL / Edelca / VIT / FUNDACITE / Free software community,2007,5.0,?,2016-12-19,X,Debian  Ubuntu,Government of Venezuela,Gratis,Active
CentOS,CentOS Project,CentOS Project,2003,7.5-1804,10 years,2018-05-10,X,Red Hat Enterprise Linux (RHEL),server  workstation,Gratis,Active
Chakra,Jan Mette and Arch Linux KDEmod developers,The Chakra Project Team,2010,Rolling,Rolling,?,X,Arch Linux[6],desktop,Gratis,Active
Chromium OS,Google,?,2009,Rolling,Rolling,Rolling,X,Chrome OS,web applications,Gratis,Active
ClearOS,Peter Baldwin,ClearFoundation,2000,7.3.0,?,2017-03-04,X,RHEL  CentOS,server  gateway  network,Some editions are gratis,Active
CrunchBang Linux,Philip Newborough,Philip Newborough,2008,11,?,2013-05-06[7],X,Debian,desktop,Gratis,Inactive
Damn Small Linux,John Andrews,dev team,2003,4.4.10,?,2008-11-18[8],X,Debian  Knoppix,lightweight  portable,Gratis,Active
Debian,Ian Murdock,Debian Project,1993,9.5,~3 years[g 1],2018-07-14,Debian Social Contract and DFSG (main is 100% free  non-free packages are optional)[9],–,general  server  desktop,Gratis,Active
Debian Edu,,Debian Project,2004,8.0+edu0,~3 years[g 1],2016-07-03[10],Debian Social Contract and DFSG,–,schools,Gratis,Active
Devuan,The "Veteran Unix Admins" (VUA),The "Veteran Unix Admins" (VUA),2016,1.0.0,?,2017-05-25,?,Debian,general,Gratis,Active
Dragora GNU/Linux-Libre,Matias A. Fonzo,Matias A. Fonzo,2009,2.2,?,2012-04-21,100% Free: GNU FSDG,Independent  inspired from Slackware,general,Gratis,Active
dyne:bolic,Jaromil,Jaromilx,2005,3.0.0,?,2011-09-08,100% Free: GNU FSDG,Debian,multimedia,Gratis,Inactive
Elementary OS,Daniel Foré,elementary LLC,2011,5.0,?,2018-10-16[11],X,Ubuntu  Debian,general,Gratis,Active
ELinOS,SYSGO,SYSGO,1999,?,6.1,2016-07-06[12],X,–,embedded systems,Partial,Active
Emdebian Grip,Embedded Debian Project,Embedded Debian Project,2009,3.1,End-of-life,2013-06-15,X,Debian,embedded systems,Gratis,Inactive
Fedora,Fedora Project,Fedora Project,2003,29,1 year,2018-10-30,Fedora Licensing Guidelines[13],–,general,Gratis,Active
Freespire,Lindows.com  Inc.,Linspire  Inc.,2002,2.0.8,?,2007-11-30,X,Debian,desktop,Gratis,Inactive
Gentoo Linux,Daniel Robbins,Gentoo Foundation  Inc.,2002,Rolling,Rolling,?,Gentoo Social Contract,–,general,Gratis,Active
Guix System Distribution,Ludovic Courtès,Ludovic Courtès  Ricardo Wurmus  the Guix community,2012,0.15.0,Rolling,2018-07-06[14],100% Free: GNU FSDG,–,general,Gratis,Active
gNewSense,Brian Brazil and Paul O'Malley,Sam Geeraerts with sponsorship from the FSF,2006,4.0 (Ucclia),?,2016-05-02[15],100% Free: GNU FSDG,Debian,general  server,Gratis,Active
gnuLinEx,Regional Government of Extremadura,dev team,2002,LinEx 2013,?,2013-02-11,X,Debian,desktop,Gratis,Inactive
Grml,Michael Prokop,The Grml Team,2005,2017.05,?,2017-05-31,X,Debian,live  maintenance  security  network  forensic  accessibility,Gratis,Active
Instant WebKiosk,Marco Buratto,Binary Emotions,2012,16.0,?,2017-04-05[16],X,Debian,web kiosks  digital signage  personal web navigation,Gratis,Active
Kali Linux,Max Moser  Mati Aharoni  Martin J. Muench,Offensive Security,2013,2018.1,?,2018-02-06[17],X,Debian,auditing  forensic  security  network,Gratis,Active
Knoppix,Klaus Knopper,dev team,2000,8.1,?,2017-09-27[18],X,Debian,live,Gratis,Active
Kodibuntu,The XBMC Project,Team Kodi,2008,?,?,?,X,Debian  Ubuntu,multimedia,Gratis,Active
Korora,Chris Smart,Dev Team,2005,26,?,2017-09-16[19],X,Fedora,desktop,Gratis,Active
LibreCMC,LibreCMC team,LibreCMC team,2010,1.4.2,?,2017-12-31,100% Free: GNU FSDG,Merged from LibreWRT,embedded systems,Gratis,Active
Linspire,Linspire  Inc.,Linspire  Inc.,2001,7.0,?,2018-01-01,X,Ubuntu,?,Commercial[20],Active
Linux Mint,Clement Lefebvre,dev team,2006,18.3,~3 years (LMDE); 5 years (main editions),2017-11-27,X,Debian  Ubuntu,desktop,Gratis,Active
Linux Lite,Jerry Bezencon,Linux Lite Team,2012,3.8,?,2017-02-01,X,Ubuntu,desktop,Gratis,Active
Mageia,Mageia Community,mageia.org,2010,6,1,2017-07-16[21],X,Mandriva Linux,general,Gratis,Active
Mandriva Linux,Mandrakesoft S.A.,Mandriva S.A.,1998,2011,?,2011-08-28,X,Red Hat Linux,general,Some editions are gratis,Inactive
Manjaro Linux,Roland Singer,dev team,2012[22],Rolling,Rolling,Rolling,X,Arch Linux,general,Gratis,Active
MEPIS,Warren Woodford,MEPIS LLC,2003,?,?,?,X,Debian,desktop  server,Gratis,Inactive
Musix GNU+Linux,Musix team,Musix team,2008,3.0.1,?,2014-03-13,100% Free: GNU FSDG,Debian,multimedia,Gratis,Active
Netrunner,Blue Systems,dev team,2009,18.03,as per Debian Testing or Manjaro (rolling),2018-03-11,X,Debian  Manjaro/Arch,desktop,Gratis,Active
NixOS,Eelco Dolstra and Armijn Hemel,NixOS Foundation,2003,17.09,6 months,2017-10-02,X,-,general  server  desktop,Gratis,Active
Novell Open Enterprise Server,Novell,Novell  Inc. dev team,2003,?,?,?,X,SUSE Linux Enterprise Server,server,Commercial[23],Active
OpenELEC,Stephan Raue  OpenELEC Team,OpenELEC Team,2011,8.0.4,?,2017-06-04,X,–,multimedia,Gratis,Active
openSUSE,SUSE Linux  Novell,openSUSE Project,2006,42.3,3 years[24],2017-07-26,X,–,general  desktop,Gratis,Active
OpenWrt,?,OpenWrt team,2007,15.05.1,?,2017-03-16,X,–,embedded systems,Gratis,?
Oracle Linux,Oracle Corporation,Oracle Corporation,2006,7.4,?,2017-08-08,X,Red Hat Enterprise Linux (RHEL),server,Gratis,Active
Parabola GNU/Linux-libre,Parabola Hackers,Parabola Hackers,2009,Rolling,Rolling,2017-05-28[25],100% Free: GNU FSDG followed in Parabola Social Contract,Arch Linux,general,Gratis,Active
Pardus,Scientific and Technological Research Council of Turkey (TÜBİTAK),TÜBİTAK,2005,5,?,2015-04-25,X,–,general,Gratis,?
Parsix,Alan Baghumian,Parsix Project,2005,8.15,?,2017-01-25,X,Debian,desktop,Gratis,Inactive
PCLinuxOS,Bill Reynolds,dev team,2003,2017.04[26],Semi-rolling,2017-04-02,X,Mandriva Linux,desktop,Gratis,Active
Pentoo,Michael Zanetta  Rick Farina  Jens Pranaitis,Pentoo,2005,2015.0 RC4.6,?,2015-12-02,X,Gentoo Linux,auditing  security,Gratis,Active
Porteus,Fanthom,Porteus,2010,3.2.2,?,2016-12-29,X,Slackware,lightweight  portable,Gratis,Active
Puppy Linux,Barry Kauler,Puppy Foundation,2003,6.3.2,?,2016-06-22,X,–,lightweight  portable,Gratis,Active
Qubes OS,Joanna Rutkowska,Invisible Things Lab,2012,4.0,?,2018-03-28[27],X,Xen and Fedora,security by compartmentalization  desktop,Gratis,Active
Red Hat Enterprise Linux (RHEL),Red Hat,Red Hat,2002,7.6,10 years,2018-10-30[28],X,Red Hat Linux  Fedora,server  workstation,Commercial[29][30],Active
Red Hat Linux,Red Hat,Red Hat,1995,9,?,2003-03-31,X,–,server  workstation,Gratis,Inactive
Rocks Cluster Distribution,UCSD Supercomputing Center  Clustercorp,UCSD Supercomputing Center  Clustercorp,2000,7.0,?,2015-12-01,X,Red Hat Linux,server  workstation,Gratis,Active
Sabayon Linux,Fabio Erculiani,dev team,2005,17.12,?,2017-11-29[31],X,Gentoo Linux,general,Gratis,Active
Salix OS,Cyrille Pontvieux  George Vlahavas  Pierrick Le Brun  Thorsten Mühlfelder,Salix team,2009,14.2,?,2016-08-29,X,Slackware,general,Gratis,?
Scientific Linux,CERN  Fermilab,dev team,2004,7.4,?,2017-10-02,X,Red Hat Linux  Red Hat Enterprise Linux (RHEL),server  workstation,Gratis,Active
Slackware,Patrick Volkerding,dev team,1993,14.2[32],?,2016-06-30,X,Softlanding Linux System (SLS),general,Gratis,Active
Slax,Tomas Matejicek,Tomas Matejicek,2002,9.3.0,?,2017-12-24[33],X,Debian  Slackware (until Slax 9),live,Gratis,Active
SliTaz GNU/Linux,Christophe Lincoln,dev team,2008,Rolling,Rolling,2017-12-03,X,–,portable,Gratis,Active
Solus,Ikey Doherty,dev team,2005,Rolling,Rolling,2017-08-15,X,–,desktop,Gratis,Active
SolydXK,Arjen Balfoort,dev team,2013,201801,Debian packages as per Debian,2018-01-23,X,Debian,desktop,Gratis,Active
Source Mage GNU/Linux,Ryan Abrams  Eric Schabell,dev team,2002,0.62-11,?,2017-10-22,Source Mage Social Contract,Sorcerer,general,Gratis,Active
SteamOS,Valve Corporation,Valve Corporation,2013,2.148,?,2018-01-23,X,Debian,video games,Gratis,Active
SUSE Linux Enterprise,SUSE,Microfocus,2000,12SP3,?,2017-09-07,X,Slackware  Jurix,workstation  server,Commercial[34],Active
Tails,?,Tails Development Team,2009,3.8,–[g 2],2018-06-26,X,Debian,security-focused aimed for anonymity and privacy,Gratis,Active
Tiny Core Linux,Robert Shingledecker,Team Tiny Core,2009,8.2.1,?,2017-11-07,X,Tiny Core Linux,portable,Gratis,Active
Tor-ramdisk,Anthony G. Basile,dev team,2008,20151215,?,2015-12-15,X,Gentoo Linux Embedded  uClibc,Tor server,Gratis,Active
Trisquel GNU/Linux,Rubén Rodríguez Pérez (quidam),Rubén Rodríguez Pérez (quidam),2005,8.0,5 years[g 3],2018-04-18,100% Free: GNU FSDG,Ubuntu LTS,desktop,Gratis,Active
TurnKey GNU/Linux,Alon Swartz  Liraz Siri,TurnKey GNU/Linux Team,2008,14.1,Debian packages as per Debian; TurnKey packages for life of current major version (plus backports per request),2016-04-15[35],Debian Social Contract and DFSG,Debian,server based software appliance library aiming to balance security and ease of use,Gratis,Active
Ubuntu and Derivatives[36],Canonical Ltd.,Canonical Ltd.,2004,18.10,Standard releases 1 year  LTS releases 5 years. Flavor LTS releases 3 or 5 years.,2018-10-18[37],X,Debian,general  server  desktop,Gratis,Active
Univention Corporate Server,Univention GmbH,Univention GmbH,2004,4.3,up to 6 months for the free Core Edition; if maintenance is purchased  it's up to 7 years  see:[38],2018-03-14,X,Debian,home  business  and school,Core Edition is gratis,Active
Ututo,Diego Saravia  Daniel Olivera,UTUTO dev team,2000,XS 2012,?,2012-04-27,100% Free: GNU FSDG,Ututo XS: Gentoo Linux  Ututo UL: Ubuntu,general,Gratis,Active
VectorLinux,Robert S. Lange,dev team,1999,7.1,?,2015-06-27,X,Slackware,desktop,Gratis,?
Void Linux,Juan Romero Pardines,Juan RP and contributors,2008,Rolling,Rolling,2017-10-07,X,–,general,Gratis,Active
Webconverger,Kai Hendry,Webconverger Limited,2007,35.0,?,2016-05-19,X,Debian,kiosk software  digital signage,Commercial,Active
Xandros,Xandros Incorporated,Xandros Incorporated,2001,?,?,2007-07-26,X,Corel Linux,?,Commercial,Inactive
Zentyal,eBox Technologies,eBox Technologies,2005,5,?,2016-11-29,X,Debian  Ubuntu,small business server,Some editions are gratis,?
Zenwalk,Jean-Philippe Guillemin,dev team,2004,Rolling[39],?,2018-03-09,X,Slackware,general,Gratis,Active
Distribution,Founder,Maintainer,Initial release year,Current stable version,Security updates (years),Release date,System distribution commitment,Forked from,Target audience,Cost,Status
