3OFI,IOC  FIFA and ISO codes exist and are identical
3OFï,IOC  FIFA and ISO codes exist  but only IOC and FIFA codes are identical
3OƒI,IOC  FIFA and ISO codes exist  but only IOC and ISO codes are identical
3öFI,IOC  FIFA and ISO codes exist  but only FIFA and ISO codes are identical
3öƒï,IOC  FIFA and ISO codes exist and are different
2öƒ-,Only IOC and FIFA codes exist and are different
2O-I,Only IOC and ISO codes exist and are identical
2ö-ï,Only IOC and ISO codes exist and are different
2-FI,Only FIFA and ISO codes exist and are identical
2-ƒï,Only FIFA and ISO codes exist and are different
1-ƒ-,Only FIFA codes exist
1--ï,Only ISO codes exist
