Meaning,Spanish,Portuguese,Notes
alibi,coartada < Lat. coarctare,álibi < Lat. alibi,
store  shop,tienda < Late Lat. tendam (< tendere),loja < Fr. loge < Frankish laubja,
knee,rodilla < Lat. rotellam ('little wheel'),joelho < Lat. genuculum,The learned word rótula ('kneecap' in both Sp. and Port.) is from the same root as Spanish rodilla. Sp. de hinojos 'kneeling' is from the same source as Port. joelho.
home,hogar < Lat. e focus,Lar < Lat. Lar
street,calle < Lat. callem,rua < Lat. [viam] rūgam,
(legal) prosecutor,fiscal < Lat. fiscalis,procurador < Lat. procurator
highway  road,carretera < carreta + ‑era < carro < Lat. carrus < Gaulish carros,estrada < Lat. strata,
retailer,minorista < Lat. minor + ista,retalhista < Late Lat. taliare + ista,
sales,rebajas < Lat. prefix 're' + bassus,saldos  liquidação < Ita. saldo < soldo  Lat. liquidus,
grocer,abarrotero Uncertain < Lat. or < Pre-Roman barra,merceeiro < Lat. merx + suffix eiro,
organic food,comida orgánica < Lat. + Greek comeder+organĭcum < órganon,alimentação biológica  Bio < Lat. + Greek alere + βίος+λογία,In Brazil  the most common expression is the same as in Spanish  albeit written with an â instead of an á: comida orgânica.
leather,piel < Lat. pellis,couro  coiro < Lat. cŏrĭum,Spanish also has cuero. Portuguese pele usually means 'skin' or 'fur'  but it can also mean 'leather'.
fight  brawl,pelea < Lat. pilus,briga < Ita. or Occitan briga,Portuguese also has peleja
riff-raff  mob,chusma < Genoese ciüsma < Gr. κέλευσμα,canalha < Occitan canalha,
police station,comisaría (de policía) < Lat. + Gr. comissarius + politia < πολιτεία,esquadra  posto de polícia < Lat. + Gr. ex-quadrata  positus + politia < πολιτεία,Brazilian Port. tends to use 'delegacia (de polícia)'
litter  rubbish,basura < Lat. versūra,lixo < Lat. līx < līcis,
hole,agujero < Lat. + suffix acucŭla + ero,buraco < Proto-Germanic burō  burōną[6],
drill,taladro < Lat. taratrum,furadeira (Brazilian Portuguese) < Lat. forare + eira or berbequim (European Portuguese) < Fr. vilebrequin < Dutch wimmelkijn,
demolition hammer,rompedor < Lat. rumpere + dor,martelo demolidor < Lat. martulus demolitio + dor,
plane,cepilladora < Lat. cippus + dora,plaina < Lat. planea,
camshaft  camshaft tree,árbol de levas < Lat. arbōs + levare,árvore de cames < Lat. + Germanic arbōs + kamm,
gills,branquias < Lat. < Gr. branchĭa < βραγχια,guelras < Proto-Germanic gelunaz,In zoology  Port. also uses brânquias (branchiae).
goose,oca < Lat. auca,ganso < Gothic/Suebian gans,Spanish also has ganso.
chicken,pollo < Lat. pullus,frango < Probably Fr. francolin < Ita. francolino  all of uncertain origin,
lamp,lámpara < Lat. lampăda,'candeeiro < Lat. candelae,Portuguese lâmpada usually means 'light bulb' (except in certain idioms  like lâmpada de Aladino  i.e.  'Aladdin's lamp')
meal,comida < Lat. comedere,refeição  repasto (arch.) < Lat. refectionis  re+pastus,Portuguese 'comida' means food
owl,búho < Lat. bubo,coruja (*maybe from Lat. cunicularis) of uncertain origin,
kennel,perrera < uncertain origin  perhaps Pre-Roman. perro + era,canil < Lat. canis,
ground,suelo < Lat. solum,chão < Lat. planus,Port. also has solo.
office,despacho < Lat. dispactus,gabinete  escritório < Occitan  Lat. cabana  scriptōrium,
ground floor,planta baja < Lat. planta + bassus,rés-do-chão  rés-de-chão< Lat. rāsus + planus,Brazilian Port. tends to use térreo
buoy,flotador < Fr. + Sp. suffix flotter + dor,boia < Old Fr. bouée < Frankish baukan,
nappy  diaper (baby),pañal < Lat. pannus,fralda < Gothic falthan/faldan,
performance,representación < Lat. representatio,performance < Eng 'performance' < Anglo-French performer < parfornir,
preemptive,preventivo < Lat. praeventus,preemptivo < Eng 'preemptive' < Lat praeemptio,
report,informe < Lat. informis,relatório < Lat. relatus + ório suffix < refferre,
highlight,realce < Lat. + prefix re + altiare,destaque < Germanic stak,
prison,cárcel < Lat. carcer,prisão< Lat. prehensionis,Span. also has prisión and Port. archaic cárcere.
squirrel,ardilla < Pre-Roman harda or probably Berber aġárda,esquilo Lat. scūrĭōlus < Gr. σκίουρος,
garret  mansard,zaquizamí [7] buhardilla < Hisp-Ar. سقف في السماء (saqf fassamā)  < Lat. bufus < buharda,água-furtada  mansarda < Lat. aquam + furtus  < Fr. mansarde < François Mansart (architect),
watercress,berro < Celtic bẹrŭro,agrião < Gr. άγριος,
mint,menta < Lat. mentha < Gr. μίνθη,hortelã < Lat. hortus,Port. also has menta.
sour cherry,cereza gordal < Lat. cerasium + gurdus,ginja < Frankish wīhsina,
stepchild,hijastro(a) < Lat. filiaster,enteado(a) < Lat. ante + natum,
step-brother,hermanastro(a) < Lat. + suffix germanus + astro,meio-irmã(o) < Lat. medius + germānus,
stump  amputated limb,muñón < Pre-Roman/Basque muno,coto < Celtic-Goidelic cotach < cuid,
baby changing (area),cambiador (infantil) < Lat + dor cambium,fraldário < Gothic + arius faldan,
blade,hoja < Lat. folium,lâmina < Lat. lammĭna,
butcher(s)(shop),carniceria < Lat. carniceus,talho < Lat. taleare,
shoe polish,betún < Lat. bitūmen,graxa < Lat. crassus,
shaving,afeitar < Lat. affectāre,barbear < Lat. barba + ear,
pocket knife,navaja < Lat. novacŭla,canivete < Old Fr. canivet < Frankish 'knif'[8],Portuguese 'navalha' means razor.
diving,buceo < Port. búzio < Lat. bucĭna,mergulhar < Lat. merguliāre,
bait,cebo < Lat. cibus,isca < Lat. escae,
skirt,falda < Germanic faldan,saia < Lat. sagum < Celtic sagos  sag,
glasses,gafas < Uncertain  maybe Arabic qafca[9],óculos < Lat. oculus,
stiffness (muscular),agujetas < Lat. acus + suffix eta,dor muscular < Lat. dolor + mus +culus,
operating theatre,quirófano < Gr. χείρ + φαίνω,sala de operações  sala de cirurgia  bloco operatório < Ger + Lat. sal + operatio  < Ger + Gr. sal + χειρουργική  < Ger + Lat. bluk(k)an + operatio,
stem cell research,investigación con células madre < Lat. vestigium + cum + cellula + mater,pesquisa de células estaminais < Lat. perquirere + de + cellula + staminis,
stream  creek,arroyuelo < Pre-Roman arrugia,ribeira  ribeiro < Lat. riparius < ripae,
stubborn,testarudo < Lat. testa + rudis,teimoso < Lat. thema  < Gr. théma,
plateau,meseta < Lat. mensa + Sp. suffix eta,planalto < Lat. planus + altus,
wave,ola < Uncertain origin,vaga < Gothic vega[10] or < Old Norse vágr [11] both from Ancient Germanic 'vigan' to shake,Port. also has onda.
broom,aulaga < Ar. algawláqa,vassoura  giesta  carqueja < Lat. verrere  < Lat. genista  < Maybe Lat. quercus,
pants  knickers,bragas < Lat. braca < Celtic bracae,cuecas < Lat. culus + suffix 'ecas',
(bed) sheet,sábana < Lat. sabăna,lençol < Lat. linteolum,
basketball,baloncesto < Frankish balla + Lat. cista,basquetebol < Eng. basketball,
reporter,periodista periodicista < periódico+ suffix 'ista',repórter < Eng. reporter < Medieval Fr. reporteur,Spanish has periodista and reportero (in Brazil jornal is also called diário).
ricochet,rebote < Frankish + Lat. prefix boter,ricochete < Fr. ricochet,
riff-raff  mob,chusma < Genoese ciüsma < Gr. κέλευσμα,canalha < Occitan canalha,
cashew,anacardo < Lat. anacardium,caju < Tupi aka'yu,
mushrooms,setas < Uncertain origin,cogumelos < Lat. cucumellum < cucuma,
oleander,adelfa < Ar. دفلى diflà,aloendro  loendro'< Lat. lorandrum,
pumpkin,calabaza < Pre-Roman,abóbora < Lat. peporis,Port. cabaça means 'calabash'
squid,calamar < Lat. calamarius,lula < Lat. lura,Port. also has 'calamar'
date,fecha < Lat. facta,data < Lat. data,
elsewhere  somewhere  nowhere,en otro lugar < Lat. in alter localis  en alguna parte < Lat. in aliquis unos pars  en ningún lugar < Lat. in nec unus localis,alhures < Provençal alhors  algures < Lat. + Provençal aliquod + hors  nenhures < Lat. + Provençal nec + hors,
nobody,nadie < Lat. nati < natus,ninguém < Lat. nec + quem,
lawn,césped < Lat. caespes,relvado  grama < Lat. relevare  < Lat. gramen,
holiday  vacation,vacaciones < Lat. vacatio < vacationis,Férias < Lat. feriae,
card,tarjeta < Fr. targe + diminutive suffix eta,cartão  carta < Gr. χάρτης < Lat. charta,
beef steak,filete < Lat. filum,bife < Eng. beef steak,Port. also has 'filé'
retaliation,retorsión < Lat. retorsus,retaliação < Lat. retalio,
remorse,arrepentimiento < Lat. re + paenitere,remorso(s) < Lat. remorsus < remordere,Sp. also has remordimiento
boot (car),maletero < Old Fr. + Sp. suffix malle + eta + ero,porta-bagagens < Lat. + Germanic portare + baugaz,
glove box (car),guantero < Frankish + Sp. suffix want + ero,porta-luvas < Lat. + Gothic/Suebian portare + lôfa,
thin,delgado < Lat. delicātum,magro < Lat. macrum,Sp. magro means 'lean'  in reference to meat
surface  peel,superficie < Lat. superficĭes,tona < Celt. tondā/tunna,Port. also has superfície.
earring,pendiente < Lat. pendere,brinco < Lat. vinculum,
watermelon,sandía < Ar. sindiyyah,melancia < balancia < Lat. bilanx,
passion fruit,fruto de la pasión < Lat. fructa + passio,maracujá < Tupi moruku'ia,Sp. also has maracuyá
window,ventana < Lat. ventānam,janela < Lat. iānuellam,Lat. ventānam 'wind opening' < ventus 'wind'. Lat. iānuella is a diminutive of iānua 'door  opening' (the same root as Eng. January and janitor) < the name ianus  the God of gates or doors.
counter,ventanilla < Lat. ventānam + suffix 'illa',balcão < Germanic balkōn,Sp. balcón means 'balcony'
to disrupt  to get in the way (of someone/smthg),molestar  estorbar < Lat. molestus  exturbāre,atrapalhar < Low-Frankish trappa,
to erase,borrar < Late Lat. burrāre,apagar < Lat. appācāre,Port. borrar means 'to smudge'; cf. Sp. borroso 'blurry'. Sp. apagar means 'to turn off' (a meaning that also exists in Port.  e.g. apagar a luz 'to turn off the light').
to forget,olvidar < Lat. oblītāre,esquecer < Lat. excadescere,Olvidar also exists in Port. (but is far less common). A learned cognate  obliterar  exists in both languages.
to retort  to strike back,contraatacar < Lat. + Ita. contra + attaccare,ripostar < Fr. riposter,
to throw  to add,echar < Lat. iactare,atirar  pôr < Gothic/Suebian taíran  < Lat. ponere < pono,
to smell,oler < Lat. olēre,cheirar < Lat. flagrāre,
to snore,roncar < Lat. ronchus < Gr. ῥέγχος,ressonar Prefix + < Lat. re + sonare,
slug,babosa < Lat. baba + osa,lesma < Lat. limax,
simple,sencillo < Lat. singulus,simples < Lat. simplex,Sp. also has simple.
stage,escenario < Lat. scenarium,palco < Langobardic palk,
fear,temor < Lat. timore,receio < Lat. re + celare,Port. also has temor.
harvest  crop,cosecha < Lat. collecta,seara < Celtic seni + aro,Port. colheita and recolha (both < Lat. collecta) generally refer to the harvest of crops  wine or data collection (i.e. online surveys  personal data).
black,negro < Lat. niger,preto < Lat. pressus 'compressed  dense',Port. also has negro and Sp. also has prieto. Use and connotation vary greatly (i.e. the use of preto to refer to people of African descent is considered a slur in Port. but the prieto in Sp. can often mean "dark"  "tan"  or "swarthy" in a similar fashion to moreno in both Sp. and Port.).
near,cerca < Lat. circa,perto perh. < Lat. * prettus  alteration of pressus 'compressed',
far,lejos < Lat. laxius,longe < Lat. longe,
spark,chispa (onomatopoeic),faísca < Germanic falwiskan,
shard,esquirla < Lat. schidia  < Indo-European skei,lasca < *Proto-Germanic laska  or < *Lat. lesca,
toy,juguete < Lat. + Sp. suffix iocus + ete,brinquedo < Proto-Germanic blinkaną  blīkaną,
swine,cochino (onomatopoeic),suíno < Latin suīnus < Proto-Germanic swīną,
dew,rocío < Lat. rosidus,orvalho < Gothic/Suebian 'ur' + 'vallen' < Proto-Germanic ūrą + fallaną,
pen,bolígrafo < Lat. bulla + Gr. γράφειν,caneta < Lat. cannae + Por. eta,
print (evidence),huella < Lat. follare,marca < Germanic marka,
windrow,hilera < Lat. fīlum + Sp. ‑era,leira < Proto-Celtic ɸlāryo,
yesterday,ayer < Lat. ad heri,ontem < Lat. ad noctem,
to stay,quedarse < Lat. quietāre,ficar < Vulg.Lat. * figicāre,
hairdresser,peluquero < peluque < French perruque "wig",cabeleireiro < cabeleira 'head of hair; wig' < cabelo < Lat. capillus,Port. peruca means 'wig'
chair,silla < Lat. sella,cadeira < Lat. * cathedra  perh. < Proto-Celtic * cathair,
cup  mug,taza < Arabic ṭassa,chávena < Malay chãvan < Chinese < chã-kvãn  caneca < Germanic can,Brazilian Port. tends to use xícara < Sp. jícara < Nahuatl xīcalli.
fork,tenedor < Lat. + Sp. suffix tenēre + dor,garfo < either via Lat. graphium or < Fr. greffe,
ladybird,mariquita < Lat. toponymic Maria + dimin.suffix 'quita',Joaninha < Lat. toponymic Iohanna + suffix 'inha',
robin,petirrojo < Lat. pectus + russus,pisco < Lat < Gaulish pincio,
peach,melocotón < Lat. malum cotonium,pêssego < Lat. [malum] persicum,
pillowcase,funda < Lat. fundus,fronha < Celt. srogna,
grasshopper,saltamontes < Lat. salto + mons,gafanhoto < Proto-Celtic gabalā,
weasel  skunk,mofeta < Ita. moffetta,doninha < Lat. domina + Port. suffix inha,
trousers,pantalón < Fr. pantalon < Ita. pantaleone,calças < Lat. calceu,
doorbell,timbre"(de la puerta) < Fr. timbre,campainha < Lat. campana,Spanish also has campanilla.
thunder,trueno < Lat. tonare,trovão < Lat. turbōnis,
noise,ruido < Lat. rugitus,barulho < Gaulish bruge,Port. also has ruído
handicapped,minusválido < Lat. minus + valere,Deficiente < Lat. deficiens,
development,desarrollo < Lat. + prefix des rotulus,desenvolvimento < Lat. + des involvo,
unavoidable,indefectible < Lat. + prefix in defectibĭlis,incontornável < Lat. + prefix in con+tornare,
drug addict,drogadicto < Eng. drug addict,toxicodependente  drogado < Lat. toxicum + dependens  < Fr. drogue,Both Port. and Sp. have 'toxicomania' for drug addiction
budget,presupuesto < Lat. pre+sub+positus,orçamento < Uncertain  Ita. 'orza' or likely Frankish *lurz + Lat. orça[12] + mentum,
