Software,Networkable,Headphone-free sessions,Background noise,Embed audio (sounds  music  hypnosis),Volume modulation for embedded audio,Export as sound file,User-created sessions,Pre-made sessions
BeeOne SMOD/HMS,Yes (via VST),Yes,Yes (via VST),Yes (via VST),Yes (via VST),Yes (via VST),Yes,No
Brain Equalizer,No,Yes,No,Yes (iPod or any sound app),No,No,Yes,No
Binaural Beethoven,No,Yes,Yes,Yes (iPod or any sound app),No,No,No,Yes
BrainWave Generator,No,Yes,Yes (white  pink and brown),Yes,No,Yes (WAV),Yes,Yes
Gnaural,Yes,Yes,Yes (pink),Yes,Yes,Yes (OGG  MP3  WAV),Yes,Yes
BrainIgniter Player,No,Yes,Yes (white  pink and brown),Yes,Yes,Yes (MP3),No,Yes
Neuro Entrainment,No,Yes,No,No,Yes,No,Yes,Yes
Neuro-Programmer 3,No,Yes,Yes (white  pink and brown),Yes,Yes,Yes (OGG  MP3 WAV),Yes,Yes
Mind WorkStation,Yes (with plugins),Yes,Yes (white  pink and brown),Yes,Yes,Yes (OGG  MP3 WAV),Yes,Yes
SBaGen,No,No,Yes (pink),Yes (WAV  raw audio  OGG  MP3),No,Yes (WAV  raw audio),Yes,Yes
Brainwave Studio,No,Yes,Yes (white),Yes,Yes,No,Yes,Yes
Discord,No,Yes,Yes (white  pink and brown),Yes (WAV  raw audio  OGG  FLAC),Yes,Yes (WAV  raw audio  OGG  FLAC),Yes,Yes
Isochronic Tone Generator,No,Yes,No,Yes (iPod or any sound app),Yes,No,Yes (in real time),No
Lux VST Brainwave Entrainment Instrument,No,Yes,Yes,Yes,Yes,Yes (through DAW),Yes,Yes
Neuro Sequencer Pro,No,Yes,Yes,Yes,Yes,Yes (MP3  M4A  WAV),Yes,Yes
SHARM Studio 5,No,Yes,Yes (white  pink and brown),Yes (WAV  OGG  MP3),Yes,Yes (WAV  OGG  MP3),Yes,Yes
