Name,Creator-maintainer,Based on,Standardized?,Specification,Binary?,Human-readable?,Supports references?e,Schema-IDL?,Standard APIs,Supports Zero-copy operations
Apache Arrow,Apache Software Foundation,N/A,No,Apache Arrow™,Yes,No,No,Yes (built-in),Java  Python  C++  JavaScript,Yes
Apache Avro,Apache Software Foundation,N/A,No,Apache Avro™ 1.8.1 Specification,Yes,No,N/A,Yes (built-in),N/A,N/A
Apache Parquet,Apache Software Foundation,N/A,No,Apache Parquet[1],Yes,No,No,N/A,Java  Python,No
Argdata,Nuxi  the Netherlands,YAML,Yes,Argdata binary encoding,Yes,No,No,No,No,Yes
ASN.1,ISO  IEC  ITU-T,N/A,Yes,ISO/IEC 8824; X.680 series of ITU-T Recommendations,Yes (BER  DER  PER  OER  or custom via ECN),Yes (XER  JER  GSER  or custom via ECN),Partialf,Yes (built-in),N/A,N/A
Bale,Murray,N/A,No,Bale Specification,Yes,No,No,Yes,,N/A
Bencode,Bram Cohen (creator) BitTorrent  Inc. (maintainer),N/A,Yes,Part of BitTorrent protocol specification,Partially (numbers and delimiters are ASCII),No,No,No,No,N/A
Binn,Bernardo Ramos,N/A,Yes,Binn Specification,Yes,No,No,No,No,Yes
Bond,Microsoft,N/A,No,Bond IDL Specification,Yes,Yes (JSON  XML),No,Yes,Yes (C++  C#  Java  Python),N/A
BSON,MongoDB,JSON,Yes,BSON Specification,Yes,No,No,No,No,N/A
Candle Markup,Henry Luo,XML  JSON  JavaFX,Yes,Candle Markup Reference,No,Yes,Yes (XPointer  XPath),Yes (Candle Pattern Reference),Yes (XQuery  XPath),N/A
Cap’n Proto,Kenton Varda,N/A,No,Cap'n Proto Encoding Spec,Yes,Partialh,Yes,Yes,No,Yes
CBOR,Carsten Bormann  P. Hoffman,JSON (loosely),Yes,RFC 7049,Yes,No,Yes through tagging,Yes (CDDL),No,Yes
Colfer,Pascal de Kloe,N/A,No,Specification Wiki,Yes,No,No,Yes,No,Yes
Comma-separated values (CSV),RFC author: Yakov Shafranovich,N/A,Partial (myriad informal variants used),RFC 4180 (among others),No,Yes,No,No,No,No
Common Data Representation (CDR),Object Management Group,N/A,Yes,General Inter-ORB Protocol,Yes,No,Yes,Yes,ADA  C  C++  Java  Cobol  Lisp  Python  Ruby  Smalltalk,N/A
D-Bus Message Protocol,freedesktop.org,N/A,Yes,D-Bus Specification,Yes,No,No,Partial (Signature strings),Yes (see D-Bus),N/A
edn,Rich Hickey,N/A,No,Extensible Data Notation,No,Yes,No,No,No,N/A
Efficient XML Interchange (EXI),W3C,XML  Efficient XML,Yes,Efficient XML Interchange (EXI) Format 1.0,Yes,Yes (XML),Yes (XPointer  XPath),Yes (XML Schema),Yes (DOM  SAX  StAX  XQuery  XPath),N/A
ER7,Health_Level_7,N/A,Yes,Health_Level_7#Version_2_messaging[2],Partially - Schema available,Yes,Yes,Yes,HAPI[1],No
Fast Binary Encoding,Ivan Shynkarenka,N/A,No,Fast Binary Encoding (FBE) specification,Yes,Partiali,No,Yes (built-in),C++  C#  Go  Java  JavaScript  Kotlin  Python  Ruby,Yes
Feather,Wes McKinney and Hadley Wickham,Template:Apache Arrow,No,[3],Yes,No,No,N/A,Python  R,Yes
FlatBuffers,Google,N/A,No,flatbuffers github page Specification,Yes,Yes (Apache Arrow),Partial (internal to the buffer),Yes [4],C++  Java  C#  Go  Python  Rust  JavaScript  PHP  C  Dart  Lua  TypeScript,Yes
GVariant,GLib,D-Bus MP,Yes,GVariant Serialization,Yes,No,No,Yes (Type strings),No,N/A
Fast Infoset,ISO  IEC  ITU-T,XML,Yes,ITU-T X.891 and ISO/IEC 24824-1:2007,Yes,Yes (XML),Yes (XPointer  XPath),Yes (XML schema),Yes (DOM  SAX  XQuery  XPath),N/A
FHIR[2],Health_Level_7,REST basics,Yes,Fast_Healthcare_Interoperability_Resources[5],Yes,Yes,Yes,Yes,Hapi for FHIR[3] JSON  XML  Turtle,No
HOCON,Typesafe Inc.,JSON,No,"HOCON (Human-Optimized Config Object Notation)",No,Yes,Yes,?,Yes (native Java API for all JVM languages),No
Ion,Amazon,JSON,No,The Amazon Ion Specification,Yes,Yes,No,No,No,N/A
Java serialization,Oracle Corporation,N/A,Yes,Java Object Serialization,Yes,No,Yes,No,Yes,N/A
JSON,Douglas Crockford,JavaScript syntax,Yes,STD 90/RFC 8259 (ancillary: RFC 6901  RFC 6902),No  but see BSON  Smile  UBJSON,Yes,Yes (JSON Pointer (RFC 6901); alternately: JSONPath  JPath  JSPON [dead link] json:select())  JSON-LD,Partial (JSON Schema Proposal  ASN.1 with JER  Kwalify  Rx  Itemscript Schema)  JSON-LD,Partial (Clarinet  JSONQuery  JSONPath)  JSON-LD,No
KMIP,OASIS,n/a,Yes,Oasis,Yes (Tag  Type  Length  Value),Yes,No,No,No,N/A
MessagePack,Sadayuki Furuhashi,JSON (loosely),Yes,MessagePack format specification,Yes,No,No,No,No,Yes
Named Binary Tag,Mojang,?,No,Named Binary Tag specification,Yes,No,No,No,?,No
Netstrings,Dan Bernstein,N/A,Yes,netstrings.txt,Yes,Yes,No,No,No,Yes
OGDL,Rolf Veen,?,Yes,Specification,Yes (Binary Specification),Yes,Yes (Path Specification),Yes (Schema WD),,N/A
OPC-UA Binary,OPC Foundation,N/A,Yes,opcfoundation.org,Yes,No,Yes,No,No,N/A
OpenDDL,Eric Lengyel,C  PHP,Yes,OpenDDL.org,No,Yes,Yes,No,Yes (OpenDDL Library),N/A
PHP's serialize() & unserialize(),PHP Group,N/A,Yes,No,Yes,Yes,Yes,No,Yes,N/A
Pickle (Python),Guido van Rossum,Python,Yes,[6] PEP 3154 -- Pickle protocol version 4,Yes,No,No,No,Yes ([7]),No
Data::Dumper format (Core Perl Module),Gurusamy Sarathy (ActiveState developer),Perl data types,Yes,No,No,Yes,No,?,Yes,N/A
Property list,NeXT (creator) Apple (maintainer),?,Partial,Public DTD for XML format,Yesa,Yesb,No,?,Cocoa  CoreFoundation  OpenStep  GnuStep,No
Protocol Buffers (protobuf),Google,N/A,No,Developer Guide: Encoding,Yes,Partiald,No,Yes (built-in),C++  C#  Java  Python  Javascript  Go,No
S-expressions,John McCarthy (original) Ron Rivest (internet draft),Lisp  Netstrings,Partial (largely de facto),"S-Expressions" Internet Draft,Yes ("Canonical representation"),Yes ("Advanced transport representation"),No,No,,N/A
SCaViS,jWork.ORG,N/A,Yes,No,Yes,Yes (XML  Java Serialization  ProtocolBuffers),Yes,Yes (Java object persistency  XML  ProtocolBuffers),Yes (Native Java API  bindings for Jython  JRuby  Groovy and others),N/A
Simple Binary Encoding,Real Logic,N/A,No,SBE github page,Yes,No,?,Yes (XML),C++  Java  C#  Go,Yes
Smile,Tatu Saloranta,JSON,Yes,Smile Format Specification,Yes,No,No,Partial (JSON Schema Proposal  other JSON schemas/IDLs),Partial (via JSON APIs implemented with Smile backend  on Jackson  Python),N/A
SOAP,W3C,XML,Yes,W3C Recommendations: SOAP/1.1 SOAP/1.2,Partial (Efficient XML Interchange  Binary XML  Fast Infoset  MTOM  XSD base64 data),Yes,Yes (built-in id/ref  XPointer  XPath),Yes (WSDL  XML schema),Yes (DOM  SAX  XQuery  XPath),N/A
Structured Data eXchange Formats,Max Wildgrube,N/A,Yes,RFC 3072,Yes,No,No,No,,N/A
Thrift,Facebook (creator) Apache (maintainer),N/A,No,Original whitepaper,Yes,Partialc,No,Yes (built-in),,N/A
transit,Cognitect,JSON MessagePack,No,Transit Format,Yes,Yes,No,No,Yes Clojure  Java  Python  Javascript  Ruby  Scala,Yes
UBJSON,The Buzz Media  LLC,JSON  BSON,No,[8],Yes,No,No,No,No,N/A
VelocyPack (VPack),ArangoDB,N/A,No,VelocyPack (VPack) Version 1 Specification,Yes,No,Partialg,No,Yes (C++ API reference implementation),Yes
eXternal Data Representation (XDR),Sun Microsystems (creator) IETF (maintainer),N/A,Yes,STD 67/RFC 4506,Yes,No,Yes,Yes,Yes,N/A
XML,W3C,SGML,Yes,W3C Recommendations: 1.0 (Fifth Edition) 1.1 (Second Edition),Partial (Efficient XML Interchange  Binary XML  Fast Infoset  XSD base64 data),Yes,Yes (XPointer  XPath),Yes (XML schema  RELAX NG),Yes (DOM  SAX  XQuery  XPath),N/A
XML-RPC,Dave Winer[4],XML,Yes,XML-RPC Specification,No,Yes,No,No,No,N/A
YAML,Clark Evans  Ingy döt Net  and Oren Ben-Kiki,C  Java  Perl  Python  Ruby  Email  HTML  MIME  URI  XML  SAX  SOAP  JSON[5],Yes,Version 1.2,No,Yes,Yes,Partial (Kwalify  Rx  built-in language type-defs),No,N/A
Name,Creator-maintainer,Based on,Standardized?,Specification,Binary?,Human-readable?,Supports references?e,Schema-IDL?,Standard APIs,Supports Zero-copy operations
