,Austria,Belgium,Czech Republic,Denmark,Estonia,Finland,France,Germany,Greece,Hungary,Iceland,Ireland,Italy,Luxembourg,Malta,Netherlands,Norway,Poland,Portugal,Romania,Russia & Belarus,Slovakia,Slovenia,Spain,Sweden,Switzerland & Liechtenstein,Turkey,Ukraine,United Kingdom
Give Way / Yield,,,,,,,,,,,,or,,,,,,,,,,,,,,,,,or (Wales)
Stop,,,,,,,,,,,,,,,,,,,,,,,,,,,,,
Priority road,,,,,,,,,,,,NOT USED,,,,,,,,,,,,,,,,,NOT USED
End of priority road,,,,,,,,,,,,NOT USED,,,,,,,,,,,,,,,,,NOT USED
Give way to oncoming traffic,,,,,,,,,,,,NOT USED,,,,,,,,,,,,,,,,,
Priority over oncoming vehicles,,,,,,,,,,,,NOT USED,,,,,,,,,,,,,,,,,
,Austria,Belgium,Czech Republic,Denmark,Estonia,Finland,France,Germany,Greece,Hungary,Iceland,Ireland,Italy,Luxembourg,Malta,Netherlands,Norway,Poland,Portugal,Romania,Russia & Belarus,Slovakia,Slovenia,Spain,Sweden,Switzerland & Liechtenstein,Turkey,Ukraine,United Kingdom
