Distribution,x86,x86-64,ia64,ppc[59],ppc64,sparc32,sparc64,arm,hppa[60],loongson,mips[61],sh,s390,s390x,alpha[62],m68k[63],riscv
Alpine Linux,Yes,Yes,No,No,No,No,No,Yes,No,No,No,No,No,No,No,No
Arch Linux,Yes Unofficial[64] Official discontinued 2017-11-08[65],Yes,No,Discontinued unofficial port,No,No,No,Yes Unofficial[66],No,Discontinued. Unofficial port[67],No,No,No,No,No,No
BackTrack,Discontinued from BackTrack 5 and superseded by Kali Linux[68],Discontinued from BackTrack 5 and superseded by Kali Linux,No,No,No,No,No,Discontinued from BackTrack 5 and superseded by Kali Linux,No,No,No,No,No,No,No,No
BLAG,Yes,Yes,No,No,No,No,No,No,No,No,No,No,No,No,No,No
Bodhi Linux,Yes,Yes,No,No,No,No,No,Discontinued 2013-10-23[69],No,No,No,No,No,No,No,No
BOSS Linux,Yes,Yes,No,Yes,Yes,No,No,?,No,No,No,No,No,No,No,No
CentOS,AltArch,Yes,Discontinued 3.5-3.8 4.1-4.7[70],Beta  Discontinued 4.0,AltArch,Beta 4.2[70][71],No,AltArch,No,No,No,No,Discontinued 3.5-3.8 4.1-4.7[70][72],Discontinued 3.5-3.8 4.1-4.7[70][72],Discontinued 4.2-4.3[70][73][74],No
Chakra,No,Yes,No,No,No,No,No,?,No,No,No,No,No,No,No,No
CRUX,Yes,Yes,No,Yes,No,No,No,No,No,No,No,No,No,No,No,No
Debian[75],Yes,Yes 4.0+,Discontinued 3.0-7.0[76],Discontinued 2.2-8,Yes,Discontinued 2.1-4.0[77],Discontinued -7[78],Yes 2.2+,Discontinued 3.0-5.0,Yes,Yes 3.0+,In progress,Discontinued 3.0-7,Yes 7+,Discontinued 2.1-5.0,Discontinued 2.0-3.1,In progress[79]
Devuan,Yes,Yes,No,No,No,No,No,Yes,No,No,No,No,No,No,No,No
Dragora GNU/Linux-Libre,Yes,Yes,No,No,No,No,No,No,No,No,No,No,No,No,No,No
dyne:bolic,Yes,No,No,No,No,No,No,No,No,No,No,No,No,No,No,No
Fedora[80],Yes,Yes,Discontinued from Fedora 9 [81],Discontinued from Fedora 17,Yes,No,Inactive from Fedora 12[82],Yes[83],No,In progress,Inactive from Fedora 13 [84],No,No,Yes,No,No,In progress[85]
Finnix,Yes,Yes,No,Yes,Yes,No,No,No,No,No,No,No,No,No,No,No
Gentoo[86],Yes,Yes,Yes,Yes,Yes,Yes,Yes,Yes[87],Yes,Yes[88],Yes[89][90],Yes,Yes,Yes,Yes,Yes
gNewSense,Yes,Yes,No,No,No,No,No,No,No,Yes,Yes,No,No,No,No,No
GuixSD[91],Yes,Yes,No,No,No,No,No,No,No,No,No,No,No,No,No,No
Kali Linux,Yes,Yes,No,No,No,No,No,Yes,No,No,No,No,No,No,No,No
LibreCMC,No,No,No,No,No,No,No,No,No,No,Yes XBurst,No,No,No,No,No
Manjaro Linux,Yes Unofficial[92],Yes,No,No,No,No,No,Yes Unofficial[93],No,No,No,No,No,No,No,No
MEPIS,Yes,Yes,No,No,No,No,No,Yes,No,No,No,No,No,No,No,No
Musix GNU+Linux,Yes,No,No,No,No,No,No,No,No,No,No,No,No,No,No,No
OpenELEC,Yes,Yes,No,No,No,No,No,Yes,No,No,No,No,No,No,No,No
openSUSE[94],Discontinued 42.1,Yes,No,No[95],No[95],No,partial[96],partial[97],No,No,No,No,No,No,No,No
OpenWrt[98],Yes,Yes,No,Yes,No,No,No,Yes,No,No,Yes,Yes,No,No,No,No
Oracle Linux[99],Yes,Yes,Discontinued 5[100],No,No,No,No,No,No,No,No,No,No,No,No,No
Parabola GNU/Linux-libre,Yes,Yes,No,No,Test release[101],No,No,Yes  ARMv7[102][103],No,Discontinued[104],Discontinued[104],No,No,No,No,No,Test release[105]
Red Flag Linux,Discontinued 8.0[106],Discontinued 8.0[106],Discontinued 3[107],No,Discontinued 3[107],No,No,No,No,No,No,No,No,No,No,No
Red Hat Linux[108],Discontinued 9.0,No,Discontinued 7.1-7.2,Test release 5.1[109],No,Discontinued 4.0-4.2 5.1-6.2,Test release 5.1[109],No,No,No,Test release 5.1[109],No,Discontinued 7.2,Yes,Discontinued 2.1-7.1,Test release 5.1[109]
Red Hat Enterprise Linux[110],Discontinued 2.1-6[111],Yes 3+,Discontinued 2.1-5[112],Yes 3+,Yes 3+,No,No,No,No,No,No,No,Discontinued 3-4[113],Yes 3+,No,No
Sabayon Linux,Discontinued,Yes,No,No,No,No,No,No,No,No,No,No,No,No,No,No
Scientific Linux,Yes,Yes,Discontinued 3-4,No,No,No,No,No,No,No,No,No,No,No,No,No
SHR,No,No,No,No,No,No,No,Yes,No,No,No,No,No,No,No,No
Slackware,Yes,Yes,No,No,No,Discontinued ?[114],No,Yes,No,No,No,No,Discontinued ?[115],Discontinued ?[115],Discontinued 8.1[116],No
Solus,No,Yes,No,No,No,No,No,No,No,No,No,No,No,No,No,No,No
Source Mage GNU/Linux,Yes,Yes,No,Yes,No,No,No,No,No,?,No,No,No,No,No,No
SUSE Linux Enterprise Server[117],Yes,Yes,Yes,Yes,Yes,No,No,AArch64 only[118],No,No,No,No,No,Yes,No,No
Tor-ramdisk,Yes,Yes[119],No,No,No,No,No,No,No,No,Yes[120],No,No,No,No,No
Trisquel GNU/Linux,Yes,Yes,No,No,No,No,No,No,No,No,No,No,No,No,No,No
TurnKey GNU/Linux,Selected ISOs available,Yes,No,No,No,No,No,No - but under development by community,No,No,No,No,No,No,No,No
Ubuntu/Kubuntu/Xubuntu/Lubuntu,Yes,Yes,No,Yes,Yes,No,No,Yes  including 64-bit ARMv8-A,No,No,No,No,No,No,No,No
Ututo,Yes,Yes,No,No,No,No,No,No,No,In progress,No,No,No,No,No,No
Void Linux,Yes,Yes,No,No,No,No,No,Yes,No,No,No,No,No,No,No,No
XBMCbuntu,Yes,No,No,No,No,No,No,Yes,No,No,No,No,No,No,No,No
Yellow Dog Linux,No,No,No,Yes,Yes,No,No,No,No,No,No,No,No,No,No,No
Distribution,x86,x86-64,ia64,ppc,ppc64,sparc32,sparc64,arm,hppa,loongson,mips,sh,s390,s390x,alpha,m68k,riscv
