Application,Latest release date and version,Developed by,Platforms,Mainly Used For,License
3ds Max,2017-04-12 v 2018,Autodesk,Microsoft Windows,Modeling  Animation (Video Games)  Lighting  Rendering,Proprietary
AC3D,2015-05-01 v 7.5,Inivis,Linux  Mac OS X  Microsoft Windows,Modeling,Proprietary
Alibre Design,2018-07-16 v 2018,Alibre  LLC,Microsoft Windows,Computer Aided Design,Proprietary
AutoCAD,2017,Autodesk,Mac OS X  Microsoft Windows,2D Computer Aided Design  3D Modeling  Basic Rendering  Rudimentary Animation (of Camera  not objects),Proprietary
Blender,2017-28-02 v 2.79a,Blender Foundation,Microsoft Windows  Mac OS X  Linux  BSD  Solaris  AmigaOS 4  MorphOS,2D/3D toon Animation  Lighting  Modeling  Node based Material Creation / Texturing / 3D Texture Painting/ UV Mapping  Rendering (Internal  External  3D Anaglyph and VR)  3D Rigging and Animation  Sculpting  Video Game Creation and Player  Visual 3D Effects  Basic Post-Production Video Editing  Motion Tracking  Python Scripting  Fluid Simulation  Particles  Physics  Compositing,GNU GPLv2+ / Apache 2.0 [1]
Carrara,2013-08-26 8.5.1.19,DAZ 3D,Microsoft Windows  Mac OS X,Animation  Modeling,Proprietary
Cheetah 3D,2017-12-07 v 7.1,Dr. Martin Wengenmayer,Mac OS X,Animation  Modeling,Proprietary
Cinema 4D,2016-09-01 R18,MAXON,Mac OS X  Microsoft Windows  Amiga OS[2],Animation  Lighting  Modeling  Visual 3D Effects  Rendering  Simulation,Proprietary
CityEngine,2017-11-07 v 2017.1,Procedural,Mac OS X  Microsoft Windows  Linux,Procedural Modeling of 3D Cities,Proprietary
Clara.io,redesigned in 2015-03-31,Exocortex,Mozilla FireFox  Google Chrome  Microsoft Internet Explorer,Modeling  Animation  Rendering,Proprietary
Cobalt,2009-12-11 v8 SP2r3,Ashlar-Vellum,Mac OS X  Microsoft Windows,Modeling  Computer Aided Design  Animation,Proprietary
DesignSpark Mechanical,2015-11-18 v2.0.1,SpaceClaim  RS Components,Microsoft Windows,Modeling  Computer Aided Design  Rapid Prototyping  3D Printing,Proprietary
Electric Image Animation System,2013-06 v9.1.0,EIAS3D,Mac OS X  Microsoft Windows,Animation  Lighting  Rendering  Film  Television  Visual 3D Effects,Proprietary
form-Z pro/jr/free,2015-09-28 8.5.0.1,autodessys  Inc.,Mac OS X  Microsoft Windows,Animation  Modeling  Lighting  Render  Fabrication  Set Design,Proprietary
Hexagon,2017-11-29 2.5.2.109,DAZ 3D,Microsoft Windows  Mac OS X,Subdivision Modeling  UV Mapping,Proprietary
HiCAD,2017 v 2200.0,ISD Software und Systeme,Microsoft Windows,2D/3D Modeling  Computer Aided Design  Automatic drawing generation  BIM  Animation  HELiOS PDM integration  API scripting,Proprietary
Houdini,2017-02-21 v 16,Side Effects Software,Microsoft Windows  Mac OS X  Linux,Animation  Lighting  Modeling  Visual 3D Effects,Proprietary
iClone,2017-12-21 v 7.2.1220.1,Reallusion,Microsoft Windows,Animation  Film and Television Previz  Videogame Asset Creation  Lighting  Visual 3D Effects,Proprietary
Inventor,v 2018,Autodesk,Microsoft Windows,Modeling  Computer Aided Design  Rapid Prototyping  3D Printing,Proprietary
LightWave 3D,2018-05-01 v 2018.0.4,NewTek,Mac OS X  Microsoft Windows  Amiga OS[3],Modeling  Animation  Lighting  Rendering  Film and Television Previz  Videogame Asset Creation,Proprietary
MASSIVE,? v 3.5,Massive Software,Microsoft Windows  Linux,Artificial Intelligence in Models,Proprietary
Maya,2016 "2017",Autodesk,Microsoft Windows  Mac OS X  Linux,Modeling  Animation (Video)  Lighting  Rendering  Visual 3D Effects,Proprietary
Metasequoia,2016-10-12 4.5.7,O. Mizno,Microsoft Windows,Modeling,Proprietary
MODO,2015-05-27 10.1v2,The Foundry,Mac OS X  Microsoft Windows  Linux,Modeling  Animation  Rendering,Proprietary
Mudbox,2016 "2017",Autodesk,Mac OS X  Microsoft Windows  Linux,Lighting  Sculpting (the deformation of the model),Proprietary
POV-Ray,2018-05-27 v3.7.0.8,The POV-Team,Mac OS X  Microsoft Windows  Linux  AmigaOS,Lighting  Visual 3D effects,GNU AGPLv3
PTC Creo (formerly Pro/Engineer),2018 v 5.0,Parametric Technology Corporation,Microsoft Windows  HP-UX  Unix,Modeling  Computer Aided Design,Proprietary
Remo 3D,v 2.7,Remograph,Microsoft Windows  Linux,Modeling  Virtual Reality  Real-time modeling  Video Game Creation  Computer Aided Design,Proprietary
Rhinoceros 3D,2018-02-06 v 6,McNeel,Microsoft Windows  Mac OS X in beta,Modeling  Computer Aided Design,Proprietary
Shade 3D,2017-11-30 v 17.1,Shade3D,Mac OS X  Microsoft Windows,Modeling  Rendering  Animation,Proprietary
Silo,2018 v 2.5.3,Nevercenter,Mac OS X  Microsoft Windows,Modeling,Proprietary
SketchUp Pro,2017-11-14 [4] v 18.0.16975 (Win64) v 18.0.16976 (Mac64),Trimble Navigation,Mac OS X  Microsoft Windows,Modeling  Computer Aided Design,Proprietary
Solid Edge,2017 ST10,Siemens PLM Software,Microsoft Windows,Computer Aided Design,Proprietary
solidThinking Evolve,2016-12 v 2017,solidThinking,Mac OS X  Microsoft Windows,Modeling,Proprietary
SolidWorks,2018-01-10 v 2018 SP1,Dassault Systèmes,Microsoft Windows,Computer Aided Design,Proprietary
SpaceClaim,2017 v 2017,SpaceClaim Corporation,Microsoft Windows,Computer Aided Design,Proprietary
TopSolid,2018 v 7.12,Missler Software,Microsoft Windows,Computer Aided Design/ Computer Aided Manufacturing,Proprietary
E-on Vue,2017 v 2016 R5,E-on Software,Mac OS X  Microsoft Windows,Animation  Landscape Modeling  Lighting,Proprietary
Verto Studio 3D,2018-05-06 v2.3.8,Michael L. Farrell,Mac OS X  iOS,Mobile Modeling  Texture Mapping  Lighting,Proprietary
Wings 3D,2016-12-16 v 2.1.5,Dan Gudmundsson (maintainer),Mac OS X  Microsoft Windows  BSD  Linux,Modeling  Sculpting (the deformation of the model)  UV mapping,BSD
ZBrush,2018-03-27 v 2018,Pixologic,Mac OS X  Microsoft Windows,Modeling  Texturing  Lighting  Sculpting (the deformation of the model)  Rendering,Proprietary
