Product,Local books,Book file search,Epub downloading,Browser downloading,OPDS catalog,Books tag,Books sort,Books manage metadata
Aldiko Book Reader,Yes,No,Yes,Yes,Yes,Yes,Yes,Yes
AlReader,Yes,Yes,Yes,?,Yes,Yes,Yes,Yes
Bookari,Yes,No,Yes,Yes,Yes,Yes,Yes,Yes
Cool Reader,Yes,Yes,Yes,?,Yes,Yes,Yes,Yes
EBookDroid,Yes,?,?,?,Yes,?,?,?
Ebook Reader,Yes,Yes,Yes,Yes,No,Yes,Yes,No
eReader Prestigio,Yes,Yes,Yes,Yes,Yes,Yes,Yes,No
FBReader,Yes,No,Yes,Yes,Yes,Yes,Yes,Yes
iReader,?,?,?,?,?,?,?,?
Kindle,?,?,?,?,?,?,?,?
Kobo Books,?,?,?,?,?,?,?,?
Lektz eBook Reader,Yes,Yes,Yes,?,?,?,?,?
Librera,Yes,Yes,Yes,Yes,Yes,Yes,Yes,No
Moon+ reader,Yes,Yes,Yes,No,Yes,Yes,Yes,Yes
MReader,Yes,Yes,Yes,Yes,No,No,No,No
PocketBook,Yes,Yes,Yes,Yes,Yes,No,Yes,Yes
Socio eReader,Yes,Yes,Yes,No,No,No,Yes,No
Product,Local books,Book file search,Epub downloading,Browser downloading,OPDS catalog,Books tag,Books sort,Books manage metadata
