Distribution,Default Linux kernel,Default file system,Default init system,Install-time desktop environment or window manager selection
Alpine Linux,Binary blobs,ext4,openrc,none
ALT Linux,Binary blobs,ext3,systemd,KDE Plasma Workspaces  Xfce
Arch Linux,Binary blobs[43],none[44],systemd,none
BLAG,Linux-libre,ext3,sysvinit,GNOME
Bodhi Linux,Binary blobs,ext4,systemd,Moksha (Enlightenment fork)
Canaima,Binary blobs[43],?,?,Cinnamon and MATE
CentOS,Binary blobs[43],xfs,systemd,GNOME
Chakra,Binary blobs,ext4,systemd,KDE Plasma Workspaces
ClearOS,Binary blobs,ext3,?,none (Web based)
CoreOS,Binary blobs,ext4,systemd,None
CrunchBang Linux,Binary blobs,ext4,sysvinit,Openbox
Damn Small Linux,Binary blobs,ext3,sysvinit,JWM
Debian,By default Linux-libre  but the Debian Project also hosts a non-free repository allowing blobs to be installed optionally.[43] Built with Linux-libre tools.[45],ext4,systemd,GNOME  KDE  Xfce  LXDE[46]
Devuan,?,ext4,sysvinit,Xfce
Dragora GNU/Linux-Libre,Linux-libre,ext4,runit,Xfce
dyne:bolic,Linux-libre,?,?,GNOME
Fedora,Binary blobs,ext4,systemd,GNOME (default Workstation Edition)  Spins for: KDE Plasma Workspaces  Xfce  LXDE  MATE (with Compiz)  Cinnamon  Sugar on a Stick
Funtoo,Binary blobs,none,openrc,None
Gentoo,Binary blobs,none,openrc,Awesome  Enlightenment  Fluxbox  GNOME  KDE  LXDE-Meta  Openbox  XBMC and Xfce (live DVD)[47]
gNewSense,Debian Linux kernel  and (unlike Debian) blobs cannot be installed[45],ext3,sysvinit,GNOME
gnuLinEx,Binary blobs,ext2,?,GNOME
GuixSD,Linux-libre,btrfs  ext4,GNU Shepherd,GNOME  Xfce  Mate  Enlightenment  i3  ratpoison  xmonad
Instant WebKiosk,Binary blobs,SquashFS,?,Has no DE. It's a browser-only interface
Kali Linux,Binary blobs,ext3,systemd,GNOME
Knoppix,Binary blobs,xfs,microknoppix,LXDE
LibreCMC[48],Binary blobs,ext4,busybox-init,none
Linux Mint[49],Binary blobs[43],ext4,systemd,MATE  Cinnamon  KDE 4  XFCE
Mageia,Binary blobs,ext4,systemd,KDE Plasma Workspaces  GNOME
Mandriva Linux,Binary blobs,ext4,systemd,KDE Plasma Workspaces
Manjaro Linux,Binary blobs,none[50],systemd,Xfce  KDE  GNOME [51]
MEPIS,Binary blobs,ext3  ext4,sysvinit,KDE Plasma Workspaces
Musix GNU+Linux[52],Linux-libre,ext4,initscripts,LXDE
OpenELEC,Binary blobs,SquashFS,shell script,XBMC Media Center
openSUSE,Binary blobs,btrfs,systemd,KDE Plasma Workspaces  GNOME  Xfce
OpenWrt,Binary blobs,overlayfs+SquashFS/JFFS2[53],procd[54],none
Parabola GNU/Linux-libre,Linux-libre,none,openrc or systemd,none
Pardus,Binary blobs,ext4,?,KDE Plasma Workspaces
Parsix,Binary blobs,ext4,systemd,GNOME
PCLinuxOS,Binary blobs,none,sysvinit,KDE Plasma Workspaces  GNOME  LXDE  Xfce  Enlightenment  Openbox
Pentoo,Binary blobs,SquashFS,openrc,Enlightenment
Porteus,Binary blobs,Squashfs  ext2  ext3  ext4  FAT32  reiser  xfs,sysvinit,KDE  LXDE  Xfce  Openbox  Razor-qt
Puppy Linux,Binary blobs,SquashFS containing ext2,busybox-init,JWM
Red Hat Enterprise Linux,Binary blobs,xfs,systemd,GNOME
Rxart Desktop,Binary blobs,ext3,?,KDE Plasma Workspaces
Sabayon Linux,Binary blobs,ext4[55],systemd,KDE Plasma Workspaces  GNOME
Scientific Linux,Binary blobs,ext4,sysvinit  systemd[56],GNOME
Slackware,Binary blobs[43],ext4,BSD init scripts,KDE Plasma Workspaces  Xfce  Fluxbox  Blackbox  twm
Slax,Binary blobs,SquashFS,sysvinit,KDE Plasma Workspaces
SliTaz GNU/Linux,Binary blobs,ext3,busybox-init,Openbox
Solus,Binary blobs,ext4,systemd,Budgie  Gnome  MATE
Source Mage GNU/Linux,Binary blobs,ext2,simpleinit-msb,none
SteamOS,Binary blobs,?,?,Steam
SUSE Linux Enterprise Desktop,Binary blobs[43],ext3,systemd,GNOME
Tails,Vanilla Linux[43],?,systemd,GNOME
Tor-ramdisk,Binary blobs,ext2,?,none
Trisquel,Linux-libre,ext4  xfs,systemd,GNOME  LXDE
TurnKey GNU/Linux,Binary blobs,ext4,systemd,none - headless server by design; provides Webmin for administration
Ubuntu/Edubuntu,Binary blobs[43],ext4[57],systemd,Unity
Ubuntu GNOME,Binary blobs,ext4,systemd,GNOME 3
Ubuntu MATE,Binary blobs,ext4,systemd,MATE
Kubuntu,Binary blobs,ext4[57],systemd,KDE Plasma Workspaces
Xubuntu,Binary blobs,ext4[57],systemd,Xfce
Lubuntu,Binary blobs,ext4,systemd,LXDE
Ututo,Ututo XS (stable) is de-blobed with Linux-libre tools.[58] Ututo UL (development) uses Linux-libre. Ututo UL means "Ubuntu-Libre",ext3,?,GNOME
VectorLinux,Binary blobs,ReiserFS,sysvinit,KDE  Openbox  Fluxbox  IceWM  Xfce
Void Linux,Binary blobs,none,runit,none
Webconverger,Binary blobs,gitfs,sysvinit,dwm enforcing a Browser-only interface
XBMC Live,Binary blobs,ext3,systemd,XBMC Media Center
Zentyal,Binary blobs,ext4,?,LXDE
Zenwalk,Binary blobs,ext4,sysvinit,Xfce
Distribution,Default Linux kernel,Default file system,Default init system,Install-time desktop environment or window manager selection
