Distribution,Free software repositories,Approximate number of pre-compiled packages,Approximate number of source packages,Default package management tool(s),Package format,Default installer,Graphical installation process,Netinstall,Netboot
Alpine Linux,Free  and nonfree,7003813500000000000♠8.135[121],?,apk,.apk,setup-alpine,No,?,?
ALT Linux,Free  and nonfree,7003830000000000000♠8.300[122],?,APT (APT-RPM)  RPM,RPM,,Yes,?,?
Arch Linux,Free  and nonfree,7004110000000000000♠11.000[123],7004470000000000000♠47.000 from AUR[124],Pacman,.pkg.tar.xz,None (install scripts only),No,Yes,iPXE
BLAG,Free only,7004100000000000000♠10.000[125],?,RPM  yum  APT,RPM,,Yes,No,No
Bodhi Linux,Free  and nonfree,7004350000000000000♠35.000,?,APT,.dpkg,Ubiquity,Yes,?,?
CentOS,Free  and nonfree,7004175650000000000♠17.565[126],?,RPM  yum/up2date,RPM,Anaconda,Yes,Yes,?
Chakra,Free  and nonfree,7003307400000000000♠3.074[127],7003466300000000000♠CCR: 4.663[128],Pacman (will be replaced by Akabei in future),.pkg.tar.xz,,Package manager in development,?,?
ClearOS,Free  and nonfree,?,?,RPM  yum,RPM,,No,?,?
CrunchBang Linux,Free  and nonfree,7004230000000000000♠23.000,?,APT,.deb,,Yes,?,?
Damn Small Linux,Free  and nonfree,7002610000000000000♠610,?,myDSL  APT,.dsl  .tar.gz  .uci  .unc  .deb,,No,?,?
Debian,Free  and nonfree,7004680000000000000♠68.000[129],7004210410000000000♠21.041[a],APT,.deb,Debian-Installer,Yes,Yes,PXE
Devuan,Free  and nonfree,?,?,APT,.deb,?,Yes,Yes,PXE
Dragora GNU/Linux-Libre,Free only,7002484000000000000♠484,?,pkgsystem,.tlz,?,No,No,No
dyne:bolic,Free only,?,?,APT,.deb,Debian-Installer,Yes,No,No
Fedora,Free  and nonfree,7004200000000000000♠20.000 [130],7004250410000000000♠25.041[131],DNF  yum  PackageKit,RPM,Anaconda,Yes,Yes,?
Gentoo,Free  and nonfree,7002108000000000000♠108[132],7004190920000000000♠19.092[133][b],Portage,.ebuild  .tbz2,,Yes[c],Yes,PXE
gNewSense,Free only,?,?,APT,.deb,Debian-Installer,Yes,Yes,No
gnuLinEx,Free  and nonfree,7002200000000000000♠200,?,APT,.deb,,Yes,?,?
GuixSD,Free only,7003789300000000000♠7.893[134],7003789300000000000♠7.893,Guix,.scm  .go,guix system init,WIP[135],Yes,No
Knoppix,Free  and nonfree,7003360000000000000♠3.600,?,APT,.deb,,No,?,?
LibreCMC,Free only,7002826000000000000♠826,?,?,?,,No,No,No
Linux Mint,Free  and nonfree,7004507810000000000♠50.781,?,APT,.deb,Ubiquity,Yes,?,?
Mageia,Free  and nonfree,7004172830000000000♠17.283 (i586)  7004114090000000000♠11.409 (x86-64)[136],7003883400000000000♠8.834[137],urpmi  rpmdrake,RPM,DrakX,Yes,Yes,?
Mandriva Linux,Free  and nonfree,7004226000000000000♠22.600,?,urpmi  rpmdrake,RPM,DrakX,Yes,?,?
Manjaro Linux,Free  and nonfree,?,? from AUR[124],Pacman,.pkg.tar.xz,Calamares[138],Yes[139],Yes,iPXE
MEPIS,Free  and nonfree,7004200000000000000♠20.000,?,APT,.deb,MEPIS Install,Yes,?,?
Musix GNU+Linux,Free only,7003181900000000000♠1.819,?,APT,.deb,Debian-Installer,Yes,No,No
OpenELEC,Free  and nonfree,7002140000000000000♠140[140],?,XBMCbuntu addon manager  own and 3rd party addons,.zip,,Yes,?,?
openSUSE,Free  and nonfree,7004340000000000000♠34.000,7004340000000000000♠34.000[141],YaST  Zypper,RPM,YaST,Yes,Yes,?
OpenWrt,Free  and nonfree,7003200000000000000♠2.000,?,opkg,.ipk,-,No,?,?
Parabola GNU/Linux-libre,Free only,7004230000000000000♠23.000[142],?,Pacman,.pkg.tar.xz,None (install scripts) or Calamares,Yes,Yes,?
Pardus,Free  and nonfree,7003400000000000000♠4.000,?,PiSi,.pisi,YALI,Yes,?,?
Parsix,Free  and nonfree,7004290000000000000♠29.000,7004149000000000000♠14.900,APT,.deb,,Yes,?,?
PCLinuxOS,Free  and nonfree,7004120000000000000♠12.000,?,APT  RPM,RPM,,Yes,?,?
Puppy,Free  and nonfree,7002700000000000000♠700,?,PupGet  DotPup,.pup  .pet,,Yes,?,?
Red Hat Enterprise Linux,Free  and nonfree,7003300000000000000♠3.000 (plus 7003915500000000000♠9.155 from EPEL[143]),?,RPM  yum,RPM,Anaconda,Yes,?,?
Rxart,Free  and nonfree,7003500000000000000♠5.000,?,APT,.deb,,Yes,?,?
Sabayon Linux,Free  and nonfree,7004131300000000000♠>13.130,?,Portage  Entropy,ebuild  .tbz2,Calamares,Yes,?,?
Scientific,Free  and nonfree,?,?,APT/yum,RPM,,Yes,?,?
Slackware,Free  and nonfree,7003229200000000000♠2.292,?,installpkg  upgradepkg,tgz  .txz  .tlz  .tbz,,No,Yes,Yes
Slax,Free  and nonfree,7003205000000000000♠2.050,?,none,.lzm,,,?,?
SliTaz GNU/Linux,Free  and nonfree,7003338100000000000♠3.381[144],?,Tazpkg,.tazpkg,tazinst,Yes,iPXE,iPXE
Solus,Free  and nonfree,7003950000000000000♠9.500,?,eopkg,.eopkg,os-installer,Yes,No,No
Source Mage GNU/Linux,Free  and nonfree,7002118000000000000♠118,7003887600000000000♠8.876,Sorcery Package Manager,src,,Yes,?,?
SUSE Linux,Free  and nonfree,7004240940000000000♠24.094,7004113850000000000♠11.385,YaST  Zypper,RPM,YaST,Yes,?,?
Tiny Core Linux,Free  and nonfree,7004251600000000000♠25.160,?,ab  tce-load,tcz,tc-install  core2usb,Yes,?,?
Tiny SliTaz,Free  and nonfree,7001500000000000000♠50,?,Web site[145],tazpkg,,No,?,iPXE
Tor-ramdisk,Free  and nonfree,?,?,none,none,,No,?,?
Trisquel,Free only,7004527480000000000♠52.748[146],?,APT,.deb,Ubiquity,Yes,Yes,?
TurnKey GNU/Linux,Free  and nonfree,7004572900000000000♠57.290[129] plus ≈30 custom packages,7004210410000000000♠21.041[d] (currently TurnKey only supplies source code for custom packages),APT,.deb,DI-Live (custom fork of Debian Installer),No,No,No
Ubuntu  Kubuntu  Xubuntu,Free  and nonfree,7004732290000000000♠73.229[147],7004244740000000000♠24.474[e],APT,.deb,Ubiquity,Yes,Yes,PXE
Ututo,Free only,7003500000000000000♠5.000,?,UTUTO Package Manager,ebuild,?,?,No,No
Vector Linux,Free  and nonfree,?,?,slapt-get  gslapt  installpkg,tgz,,Yes,?,?
Void Linux,Free  nonfree and multilib,7003600000000000000♠6.000,7003671900000000000♠6.719,xbps,.xbps,ncurses script,Yes,Yes,No
XBMC Live,Free  and nonfree,?,?,APT,.deb,,No,?,?
Zentyal,Free  and nonfree,?,?,APT,.deb,dpkg,Yes,?,?
Zenwalk,Free  and nonfree,7003200000000000000♠2.000,?,netpkg  installpkg  upgradepkg,tgz  txz,,Yes,?,?
Distribution,Free software repositories,Approximate number of pre-compiled packages,Approximate number of source packages,Default package management tools,Package format,Default installer,Graphical installation process,Netinstall,Netboot
