Name,First release date,Last stable release date,Programming language,Graphical toolkit,License,Notes
Cinnamon,2011,2018-09-18,C  JavaScript  Python,GTK+,GPL,Forked from GNOME 3 with the intent to create a traditional desktop with modern technologies.
Enlightenment (E),1997,2018-03-15,C,EFL,BSD license,Complete environment including centralized configuration of most settings.
Equinox Desktop Environment (EDE),2003-01-06,2014-06-21,C++,FLTK,GPL  LGPL,Seldom used environment  has seen little activity in recent years.
Étoilé,2006-02-22,2012-04-11,Objective-C,GNUstep,MIT  BSD license,Has seen little activity for several years  the last journal entry having been in 2014.
GNOME,1999-03-03,2018-09-25,C  C++  Vala  Python  JavaScript,GTK+,GPL  LGPL,GNOME is one of the most popular environments and is very configurable. Major design changes with the 3.0 release sparked the creation of Cinnamon (a fork of GNOME 3)  Unity (an alternative GNOME 3 shell replacing GNOME Shell) and MATE (a fork of GNOME 2).
KDE Plasma 5 (KDE5  KDE Plasma Workspaces  formerly K Desktop Environment or simply KDE),1998-07-12,2018-10-09,C++  QML,Qt,LGPL,KDE has a strong and enthusiastic following  despite a reputation for being resource-intensive. The project is largely community-centric  and encompass many other applications and frameworks  many built specifically for KDE.
LXDE (Lightweight X11 Desktop Environment),2006,2016-11-21,C,GTK+,GPL  LGPL,LXDE  with its low resource footprint  is a favorite among developers of lighter-weight Linux distributions (Lubuntu  Lite  LXLE  PepperMint  Sparky  etc.).
LXQt,2014-05-07,2018-05-21,C  C++,Qt,GPL  LGPL,merged from LXDE-Qt experiment and Razor-qt
MATE,2011-08-19,2018-06-02,C  C++  Python,GTK+,LGPL  GPL,Revival and continuation of GNOME 2 environment after the release of GNOME 3. In recent releases  it has been ported to GTK+ 3  demonstrating the progress of the project.
Pantheon,2011 (?),2018-10-16 (?),Vala,GTK+,GPL
Razor-qt,2010,2013-01-12,C++,Qt,GPL,merged into LXQt
ROX Desktop,2000 (?),2011-10-09,C  Python,GTK+,GPL
Trinity Desktop Environment (TDE),2010-04-29,2018-08-18,C++,Qt,GPL (and other),forked from KDE 3.x Intentionally with a Win-XP look.
Unity,2010-06-09,2016-05-25,C  C++  Python  Vala  QML,GTK+,GPL  LGPL,Developed by Canonical for Ubuntu as an alternative graphical shell to GNOME 3's "GNOME Shell". Designed with "convergence" in mind  it was discontinued by Canonical in early 2017  but its development was continued by the community.
Xfce,1996,2015-02-28,C,GTK+,GPL  LGPL  BSD license,XFCE is often used in lightweight distributions targeting lower-end hardware.
