Research Networking Tool,Interoperability with Institutional Enterprise Systems,Interoperability with External Systems,Integration with Add-on Components or Products,Regional  National  International or Federated Connectivity?
Academic Room,No,unknown,unknown,The system is voluntary  so national and international by active inclusion
Activity Insight,Yes (Banner  Datatel  PeopleSoft  CampusVue  Jenzabar  etc.),Yes (Google Scholar  Scopus  Web of Science  RefWorks  etc.),Yes (EndNote  Mendeley  Zotero  tools which generate BiBTeX  CSV or XML files),No
C-IKNOW,No,Yes(is possible),Unknown,No
PROFILES by Mentis® (formerly Collaborative Partnership / Profile System),Yes,Yes (has API  works with Elsevier PURE  Activity Insight  VIVO etc.),Yes (funding opportunities from grants.gov),Yes (National and International)
Community Academic Profiles - CAP,Yes,Yes,Yes,No
Converis,Yes (Bisynchronous and one way operations with institution's enterprise system both possible.),Yes (Yes  Web of Science  ORCID  pubmed  europubmed.),Yes (Integrates with Pentaho Research Analytics module and InCites),No
CurvitaTM Profile Manager,Yes,Yes,Unknown,No
CUSP - Columbia University Scientific Profiles,No,Yes PubMed only,Unknown,No
Digital Vita,No,Yes (only PubMed),Unknown,Yes National federated connectivity through DIRECT2Experts
Elsevier's Pure,Yes institutions have access to Web Services in order to feed data into internal databases; Web Services can be consumed as directed by institution. Pure currently ingests a range of data from institutions' own systems  including grants data  HR data  institutional repositories  publication databases  book listings and more.,Yes Scopus  PubMed  NIH RePORTER  Embase  Mendeley  arXiv  Worldcat  CrossRef  JournalTOC  CAB Abstracts  SAO/NSA Astrophysics Data System  Web of Science  institution's internal databases  including HR data  grants  publications  patents  etc.,Yes Pure integrates with SciVal to allow easy analysis of your researcher impact with the benchmark capabilities of SciVal.,Yes The Pure Community Module interconnects participating institutions into a single centralized Pure instance. Additional functionality enables users to search across different institutions or run cross-campus reports [1]
Elsevier's SciVal,Yes (Institutions have access to the API with Scopus data in order to feed data into internal databases.),Yes (Integrates with Pure.),Yes (Scopus & ScienceDirect),No
Epernicus Solutions & Epernicus Network,Yes (Possible  for Epernicus Solutions),No,Unknown,No
ERIM Member Profile System (ERIM MIS),Yes,Yes ID resolver included  so links to external systems are created  like SSRN  ResearcherID  Google scholar alerts & Search  social mention search from personal page  MEEBO sharing possible  Tynt statistics included,Unknown,No
EUREKA!TM Enhancing Student Research,No,No,Unknown,No
Expertise @ Maryland,May be possible,No,Unknown,No
Faculty Profile System,No,No,Unknown,No
Faculty Research Information Profile (FRIP),Discontinued. Work on this system ceased; moved on to developing Digital Vita,N/A,N/A,N/A
Faculty Scholarly Productivity Index,Unknown,Unknown,Unknown,No
GENIUS,Yes,Yes Only other InfoEd modules (SMARTS: Service that automatically sends notices of funding opportunities via email. You provide keywords that describe your research interests  and SMARTS matches those keywords with present funding programs; SPIN: Enables subscribers to directly search for all sponsored programs  past and present  contained within the InfoEd database),Unknown,No
Google,No,Yes,Possibly,No
HUBzero,No,Yes PubMed; data is semantic web compliant as of August 2011,Possibly,No
iamResearcher,Unknown,Unknown,Unknown,Unknown
iAMscientist,No,Yes PubMed,Unknown,No
i2iConnect,No,No,Unknown,Yes
InCites,Yes (Institutions have access to Web Services in order to feed data into internal databases.),Yes (Integrates with Converis.),Yes (Web of Science  ResearcherID),No
INDURE (Indiana Database for University Research Expertise),No,No,Unknown,Yes for 4 Indiana institutions only
Lattes Database,Unknown,Unknown,Unknown,Unknown
LatticeGrid,Yes InfoEd  eIRB  Medical School faculty database,Yes (PubMed),Yes (Possible),Yes National federated connectivity through DIRECT2Experts
LinkedIn,No,No,Unknown,No
Life Science Network,No,Yes (Pubmed),No,No
Loki,Yes Possible,Yes,Unknown,No
Lyterati,Yes (Ellucian  PeopleSoft  Workday InfoEd  Coeus),Yes (PubMed  VIVO  Google Scholar  BibTex or CSV Sources),Yes (BibTex and CSV),Yes  capable
McCormick Collaboration Visualization Tool,No,Yes Only Clarivate Analytics Web of Science,Unknown,No
MizzouLinks,Maybe,No,Unknown,No
MyScienceWork,No,Unknown,Unknown,Yes
OSU:pro,No,Unknown,Unknown,No
Pivot,No,Maybe,Unknown,Unknown
Profiles Research Networking Software,Yes,Yes Pubmed  commercial sources of publication data  semantic web applications via VIVO ontology.,Yes,Yes Profiles Users Group has regular conference calls and works on collaborative software development projects. Profiles can perform federated queries across other Profiles instances  and with other products using linked open data (VIVO ontology) and the DIRECT2Experts API.
REACH NC Life Science Experts Visualization Tool,Yes,Yes Through SciVal API,No,No
Research Accelerator,No,No,Unknown,No
ResearcherID,No,Yes Through ResearcherID download service  institutions can load data into their internal systems. Also is integrated with other Clarivate Analytics offerings  including Web of Science  EndNote  and Research In View,Unknown,No
SciENcv,Yes (is possible through open data exchange standards),Yes,Unknown,No
Symplectic Elements,Yes Clients have the ability to integrate with existing web profile management systems  export data for business intelligence solutions and easily submit research outcomes for various government assessment exercises. This includes HR  publications  teaching activities  grants  institutional repositories  and any other system providing or consuming research data.,Yes Elements integrates with a variety of external systems including: Altmetric  figshare  ORCID  SHERPA/RoMEO (licensing information)  DOAJ (licensing information),Yes Elements can be linked to all major open repository technologies and an open source VIVO Harvester extension is also available.,No
VIVO,Yes Data can be ingested from a wide variety of local sources (including HR  grants  course databases  institutional repositories  membership rosters  research interests  and many others) to reflect a complete view of the institution's priorities and efforts.,Yes see mini-grants <http://www.vivoweb.org/blog/2011/01/award-announcement-vivo-collaborative-research-projects-program>; eagle-i; Drupal; many others - any tool that can consume open linked data. Other ongoing collaborations with Wellspring (maintaining VIVO profiles with a focus upon tech transfer and also as a 3rd party implementation service provider) and with Symplectic.,Yes VIVO collaborates with eagle-I on research resources. Future plans include adding many additional data types which are meaningful in the academic research setting. VIVO data are structured using a comprehensive ontology designed for local extension and major ontology "plugins" such as BIBO and eagle-i.,Yes VIVO Consortium received $12.2M NIH ARRA U24 award in 2009 to fully develop software and create national system of federated research expertise directories/research networking systems; All other semantic web-compliant software platforms can be integrated into the consortium (example: Harvard Profiles). Participant in Direct2Experts and VIVO Search
Yaffle,No,No,Unknown,The Canadian research funding councils as well as knowledge mobilization networks across the country (governments and universities) are working to develop a model to share what Yaffle has built
