Research Networking Tool,Link to Product Page,Developer/Owner,Open Source,Adopters
Activity Insight,Activity Insight[6],Digital Measures[7],No,Hundreds of major research institutions around the world
C-IKNOW[8][9],C-IKNOW,Science of Networks in Communities (SONIC) - Northwestern University,Yes,National Cancer Institute  National Science Foundation
PROFILES by Mentis (formerly Collaborative Partnership / Profile System),PROFILES by Mentis][10],Inknowledge  Inc (previously University of Texas at Arlington),No (Profiles is available in a free forever plan),UT Arlington  UT Pan American  University of North Texas Health Science Center  UT El Paso  UT San Antonio  UT Tyler  UT Health Science Center  University of North Texas (formerly)  UT Dallas  UT Health Center at Tyler  Texas Christian University  Gulf Coast Consortia: Rice University  Baylor College of Medicine and several others)
Community Academic Profiles - CAP,Community Academic Profiles,Stanford University,No,Stanford University
Converis,Converis,Clarivate Analytics,No,University of Muenster  Leiden University  London School of Economics  ...
CurvitaTM Profile Manager,Curvita Profile Manager,SciMed Solutions,No,University of North Carolina  University of Virginia  Duke University
CUSP - Columbia University Scientific Profiles,CUSP,Columbia University,No,Columbia University
Digital Vita,DigitalVita,Center for Dental Informatics - University of Pittsburgh,Yes,University of Pittsburgh  Pitt Health Sciences Center
Elsevier's Pure,Pure,Elsevier,No,250 implementations worldwide containing profiles for over 185.000 researcher profiles. See Pure client list.
Elsevier's SciVal,SciVal,Elsevier,No,Over 200 adopters worldwide
Epernicus Solutions & Epernicus Network,Epernicus,Epernicus,No (but Epernicus Network is free to use),Harvard  MIT  Indiana University  Stanford  University of California Berkeley (but not exclusively)
Epistemio,Epistemio,Epistemio,No,N/A (platform is directed toward individual researcher use)
ERIM Member Profile System (ERIM MIS),People ERIM People profile system,Erasmus Research Institute of Management  Erasmus University Rotterdam  Netherlands,No,Erasmus University
EUREKA!TM Enhancing Student Research,EUREKA,University of Texas at Austin (UTA),No,University of Texas at Austin
Expertise @ Maryland,UM Experts,University of Maryland,Yes (will be),University of Maryland College Park
Faculty Profile System,UC Irvine Faculty Profile System,University of California Irvine,No,UC Irvine
Faculty Profiles System,Stony Brook University Faculty Profiles System,Stony Brook University,No,Stony Brook University
Faculty Research Information Profile (FRIP),Discontinued. Work on this system ceased; moved on to developing Digital Vita,University of Pittsburgh,N/A,(formerly) University of Pittsburgh
Faculty Scholarly Productivity Index,Academic Analytics,Academic Analytics  LLC,No,Unknown
Faculty180,Faculty180,Interfolio,No,Institutions of higher education in the United States and Canada.
GENIUS,InfoEd GENIUS,InfoEd Global,No,Many Big Ten/CIC institutions
Google,Google search generated from an institution's home page or Google search limited to only one domain (e.g. university.edu),Google,No (but anyone can access Google),Anyone can access
HUBzero,HUBzero,Purdue University,Yes[11],Indiana CTSI  Indiana University  Purdue University  Notre Dame
iamResearcher,iamResearcher,University of Southampton  UK,Unknown,N/A (platform is directed toward individual researcher use)
iAMscientist,iAMscientist,iAMscientist.inc,No,Unknown
i2iConnect,i2iConnect,Indiana University,No (but original software from ThemesJoomla is),N/A (platform is directed toward individual researcher use)
InCites,InCites,Clarivate Analytics,No,Unknown
INDURE (Indiana Database for University Research Expertise),INDURE,Indiana University / Purdue University,No,Ball State  Indiana University  Purdue University  University of Notre Dame
IRIS (Institutional Research Information System),IRIS,CINECA,Yes (will be in CERIF mode in first half of 2016),60 universities[12]
Knode,Knode,Knode,No,Multiple  anyone can use  collaborating with VIVO and UCSF
Lattes Platform,Lattes,CNPq - Brazil,Unknown,N/A (Platform is directed toward individual researcher use in Brazil)
LatticeGrid[13],LatticeGrid public Wiki,Northwestern University Clinical and Translational Sciences Institute (NUCATS) - Biomedical Informatics Center (NUBIC),Yes,Northwestern Feinberg School of Medicine & Cancer Center  UCSF Cancer Center  Fox Chase Cancer Center  University of Michigan  Case Western University
LinkedIn,LinkedIn,LinkedIn,No (but LinkedIn is free to use),N/A (Platform is directed toward individual researcher use. Millions of users are registered globally.)
Life Science Network,Life Science Network,Life Science Network gGmbH,Yes (upon request),Anyone can use.
Loki[14],Loki,University of Iowa,No,University of Iowa Institute for Clinical and Translational Science
Lyterati,Lyterati,Entigence Corporation,No,George Washington University  The New School  Lehigh University
McCormick Collaboration Visualization Tool,Collaboration at McCormick,Northwestern University,No,McCormick School of Engineering and Applied Science at Northwestern University
Mendeley,Mendeley,Elsevier,No,Anyone can use
MizzouLinks,none available,University of Missouri,Unknown,University of Missouri
MyScienceWork,MyScienceWork,Unknown,No (but anyone can register and use the network),Anyone can register and use. The network is directed at the individual researcher
OSU:pro,OSU:pro,Ohio State University,No (but can be licensed),Ohio State University
Pivot,Pivot,ProQuest  LLC,No,100 university campuses and research organizations globally
Portfolio/Showroom,Portfolio/Showroom,University of Applied Arts Vienna,Yes (starting 2019),
Profiles Research Networking Software,Profiles,Harvard University,Yes (BSD license),Harvard  UCSF  and many others (see Profiles users )
REACH NC Life Science Experts Visualization Tool,REACH NC,RENCI (Renaissance Computing Institute  a collaboration between University of North Carolina at Chapel Hill  Duke University and North Carolina State University) Duke Research Triangle Institute University of North Carolina General Administration,No (but free to the public),Appalachian State University Duke University East Carolina University Elizabeth City State University Fayetteville State University NC A&T North Carolina Central University North Carolina State University RTI International UNC-Asheville University of North Carolina at Chapel Hill UNC-Charlotte UNC-Greensboro UNC-Pembroke UNC-Wilmington Western Carolina University Winston-Salem State University
Research Accelerator,YCCI Research Accelerator,ResearchAccelerator.org,Unknown,Yale University
ResearcherID,ResearcherID,Clarivate Analytics,No (but ResearcherID network is free to access and use by individual users),N/A (Platform is directed toward individual researcher use)
ScholarBridge,ScholarBridge,ScholarBridge LLC,No,14 university members and free access for any individual student or researcher
SciENcv,SciENcv,A pilot program sponsored by the Federal Demonstration Partnership and the National Science and Technology Council (NSTC) supported by the STAR METRICS program,Yes,Sponsored by the Federal Demonstration Partnership and the NSTC's interagency groups: Research Business Model (RBM) and Science of Science Policy (SoSP)
Symplectic Elements,Symplectic Elements,Symplectic,No (However  an open source VIVO Harvester extension is available.),80+ major research institutions around the world  including the University of Cambridge (UK)  University of Oxford (UK)  University of Melbourne (AUS)  Duke University (US)  University of Auckland (NZ)  Cornell University (US)  Georgia Tech (US). (see Some of Symplectic's clients)
UNIWeb,UNIWeb,Proximify,No,University of Ottawa  McGill University  Dalhousie University  University of British Columbia Okanagan Campus  École de technologie supérieure  CIMVHR
VIVO[1][15],VIVO,Duraspace,Yes[16],Cornell University  University of Florida  Washington University in St. Louis  Weill Cornell Medical College  Indiana University  Ponce School of Medicine  Scripps Research Institute  Duke University  University of Colorado at Boulder  Northwestern University  University of Nebraska  University of Melbourne  Griffith University  Chinese Academy of Sciences  etc. There are currently over 140 VIVO implementations in the United States and international VIVO projects in over 25 countries.[17]
WorkWeb,WebWork at archive.org,Columbia University,No,Columbia University
Yaffle[18][19],Yaffle,Memorial University of Newfoundland,Yes,Memorial University of Newfoundland
