Name,Programming language  toolkit,Operating system,License,Integration,Languages,Network protocols,Current version,Last release date,Server functionality,Visualization
AnkhSVN,C#  SharpSvn,Microsoft Windows,Apache License,Microsoft Visual Studio (all editions except Express),English,http  https  svn  svn+ssh  file,2.6.12735,October 5  2016; 2 years ago (2016-10-05),No,Diff  blame  history  properties
Cornerstone,Xcode,macOS,Proprietary  free trials available,Standalone GUI,English,http  https  svn  svn+ssh  file,3.1,February 8  2018; 9 months ago (2018-02-08),No,Diff  blame  history  properties
CODESYS SVN,C#  SharpSvn,Microsoft Windows,proprietary  trials can be negotiated,SVN plugin for CODESYS V3,English  German,http  https  svn  svn+ssh  file,V4.1.0.2 (based on SVN 1.9.4),November 3  2016; 2 years ago (2016-11-03),No,Diff  merge  log
eSvn,C++  Qt,Unix-like operating systems (GNU/Linux distributions  FreeBSD  Sun Solaris and others)  Mac OS X and Windows,GPL,GUI  standalone (like WinCVS  Cervisia),English,http  svn,0.6.12,For *nix OSs: July 16  2007; 11 years ago (2007-07-16).[3] For Windows: July 12  2007; 11 years ago (2007-07-12)[4],No,?
kdesvn,C++  Qt,Linux  Unix  Mac OS X,GPL,Konqueror  Dolphin  standalone,English,file  http  https  (k)svn  (k)svn+file  (k)svn+http  (k)svn+https  (k)svn+ssh,2.0.0,December 4  2016; 23 months ago (2016-12-04)[5],Yes,?
PixelNovel Timeline,C++,Mac OS X  Microsoft Windows,Free if used with PixelNovel web storage  30-day trial with commercial upgrade otherwise,Adobe Photoshop,English,svn,1.0,July 7  2009; 9 years ago (2009-07-07)[6][7],?,?
QSvn,C++  Qt,Linux  Unix  Mac OS X  Microsoft Windows,GPL,GUI  standalone (like WinCVS),English,,0.8.3,July 26  2009; 9 years ago (2009-07-26),No,?
RabbitVCS,Python  GTK+,Linux,GPL,Nautilus  Thunar  Gedit  CLI,ca  cs  de  en  es  fa  fr  he  hr  it  ja  nb  nl  pl  pt  ro  ru  sk  sl  sv  zh_CN,http  https  svn  svn+ssh  file,0.17 [8],June 23  2017; 16 months ago (2017-06-23)[9],?,?
RapidSVN,C++  wxWidgets,Linux  Unix  Mac OS X  Microsoft Windows  Solaris  many more,GPL,GUI  standalone,Unicode  many,,0.12.1,June 28  2012; 6 years ago (2012-06-28),No,External
SubTile,XUL  Javascript,Linux  Unix  Mac OS X  Microsoft Windows (Any with Xulrunner or Firefox),GPL  Mozilla Public License  Apache License,GUI  standalone,English,http  https  svn  svn+ssh,0.2,May 3  2016; 2 years ago (2016-05-03)[10],No,Diff  merge  revision graph
SVN Notifier,C#,Microsoft Windows,GPL,GUI  standalone. It needs TortoiseSVN installed.,English,http  https  svn  svn+ssh  file,1.9.3,June 25  2012; 6 years ago (2012-06-25)[11],?,?
TortoiseSVN,C++  MFC,Microsoft Windows (32/64-bit),GPL,Windows Shell (Explorer),54 languages (including en),http  https  svn  svn+ssh  file  svn+XXX,1.11.0,October 31  2018; 29 days ago (2018-10-31),Yes,Diff  merge  Revision Tree  blame
Trac,Python,Linux  Unix  Mac OS X  Microsoft Windows,Modified BSD,web-based,[31 languages][3],file,1.01[12],February 1  2013; 5 years ago (2013-02-01)[13],Yes,Log
Version Control for engineers,-,Windows,freeware,GUI  standalone,English,http  https  svn  file,0.20,November 10  2016; 2 years ago (2016-11-10)[14],No,Internal image diff  external diff  diff for MS Word doc  MS Visio VSD drawings  DWG and DXF drawings  Kompas CDW  commit logging
ViewVC,Python,http  https,"two-clause Berkeley-style",web-based,English,http  https  svn  svn+ssh  file,1.1.23,November 4  2014; 4 years ago (2014-11-04)[15],?,Diff  annotation  blame  revision graph
VisualSVN,,Microsoft Windows (32/64-bit),proprietary,Microsoft Visual Studio (all editions except Express),English,http  https  svn  svn+ssh  file,6.0.4,September 11  2017; 14 months ago (2017-09-11)[16],Yes,?
Xcode,Objective-C  Cocoa,Mac OS X,Proprietary  free on Mac App Store,Xcode IDE,English,,5.0.1 (4H127),October 22  2013; 5 years ago (2013-10-22),?,?
