Name,Organizing principle(s),Outline bulleting with indent,Tabbed sections,Sync,PDF annotate and save [unclear],Whiteboard,Ink-pen input,Handwriting recognition,Spell check,Search,Replace,Printing,File save/export/import formats
AllMyNotes Organizer,Tree,Yes,No,Yes,No,No,No,No,Yes,Yes,?,Yes,Proprietary  encrypted; import: plain text  RTF  CSV  images  HTML; exports: plain text  HTML  RTF  images
BasKet Note Pads,Tree  tags,?,No,No,No,Yes,No,No,Yes,Yes,?,No,Rich text; export as HTML; import text files
CintaNotes,Notebooks  sections  tags,Yes,Yes,Yes,No,No,No,No,No,Yes,?,Yes,Proprietary; export to Unicode text  XML and HTML
ConnectedText,Wiki  Tree and Categories,Yes,Yes,No,No,No,No,No,Yes,Yes,?,Yes,Proprietary (SQL); Export to text  XML  CHM and HTML. Import from text  HTML  XML and RTF
Day One,Chronological  tags,Yes,No,Yes[Notes 3],No,No,No,No,Yes,Yes,?,Yes[Notes 4],Markdown (in GUI)  XML (data file); Export as: pdf  txt  md
Org-mode (Emacs),tree  tags,Yes,Yes,Yes,Yes,No,No,No,Yes,Yes,?,Yes,LaTeX  HTML  DocBook  Taskjuggler  PDF  Freemind  XOXO  iCalendar
Evernote,tags  Notebooks  Stacks,Yes,No,Yes,Yes,No,Partial[Notes 5],Yes,Yes,Yes,?,Yes,Notes stored as XML; both free and paid versions allow notes of any file type
Gnote,Notebooks,?,No,Yes,Yes,No,?,?,Yes,Yes,?,Yes,NoteXmlFormat  HTML  PDF
Google Keep,tags  colors,No,No,Yes,No,Yes,No,?,Partial[Notes 6],Yes,?,No,Proprietary; export to Google Doc and thence to PDF  Word  ODT etc.
KeyNote NF,Notebooks  notes and tree,Yes,Yes,No,No,No,No,No,Yes,Yes,?,Yes,Internal: combination of TXT and RTF; import/export: TXT  RTF  HTML  Treepad
Memonic,?,?,No,Yes,Yes,No,No,?,?,?,?,Yes,Notes stored as XML; can attach any filetype
Microsoft OneNote,Notebooks  sections  pages,Yes,Yes,Yes[Notes 7],Yes[Notes 8],Yes,Yes,Yes,Yes,Yes,No,Yes,Open  XML [2] import from web pages and other applications[clarification needed]
MyInfo,?,Yes,Yes,No,Yes,No,No,No,Yes,Yes,?,Yes,Proprietary  encrypted; import: plain text  RTF  CSV  MS Word  images  web pages; exports: plain text  HTML  RTF  CSV  MS Word
MyNotex,?,?,?,Yes,No,No,No,No,?,Yes,?,Yes,Sqlite based  zipped attachments; export to HTML; copying as LaTeX; import text files  OpenOffice.org documents
Notizen .NET,tree,?,No,No,No,No,No,No,?,Yes,?,No,TXT (ANSI/Unicode)  RTF  ALX
Okular,?,?,?,No,Yes[Notes 9],No,No,No,?,?,?,Yes,PDF  PS  TIFF  CHM  DjVu  DVI  XPS  ODF  others; export PDF+notes for sending to other Okular users
Open-Sankoré,tree  notebooks,No,No,No,Yes,Yes,Yes,No,No,No,?,Yes,Save/export: PDF  IWB  UBZ; Import: PDF  IWB  UBZ  images  image directories
Outline,Tree-structured notebooks  sections  pages,Yes,Yes,Yes[Notes 10],Yes,No,Yes,No,Yes,Yes,?,Yes,MS OneNote format  export/import as PDF
PDF Studio,?,?,?,?,Yes,No,?,?,?,?,?,Yes,PDF
Personal Knowbase,tags,?,?,?,No,No,?,?,?,?,?,Yes,Export to RTF  HTML  TXT  CSV
Qiqqa,tags  brainstorm,No,No,Yes,Yes,No,Yes,No,No,Yes,?,Yes,Proprietary  PDF  Brainstorm; export to RTF and Word
Simplenote,tags,Yes,No,Yes,No,No,No,No,Yes,Yes,?,Yes,Export to XML
TagSpaces,tags  files  directories,Yes,No,No,No,No,No,No,No,Yes,?,Yes,PNG  JPG  GIF  BMP  ICO  WEBP  SVG  PDF  HTML  MHT  MHTML  MARKDOWN  TXT  XML  JSON  OGG  OGV  WEBM  ODT  ODS  ODP  ODG  EPUB  ZIP
TiddlyWiki,tags (wikiwords),Yes,Yes,Yes,Via plugin,No,?,No,Yes(via browser),Yes,?,Yes,HTML  json  txt csv
Tomboy,?,Yes,?,Yes,No,No,No,No,Yes,Yes,?,Yes,NoteXmlFormat  HTML  PDF  wiki-formats
TreeDBNotes,tree,Yes,Yes,?,?,?,No,No,Yes,Yes,?,Yes,RTF  HTML  txt
Ulysses,Notebooks  sections  tags,Yes,Yes,Yes,Yes,Yes,Yes,?,Yes,Yes,Yes,Yes,Rich text; export as HTML; import text files; markdown editing.
WikidPad,tags (wikiwords),?,No,No,No,No,No,No,?,?,?,Yes,HTML
Microsoft Windows Journal,?,?,No,?,No,?,Yes,Yes[Notes 11],?,?,?,Yes,Proprietary
Zim,tags (wikiwords),Yes,No,No,No,No,No,No,Yes,Yes,Yes,Yes  using installed web browser,Stored in modified DokuWiki Markdown; export: HTML  LaTeX  Pandoc Markdown  Sphinx RST (reStructuredText)
Name,Organizing principle(s),Outline bulleting with indent,Tabbed sections,Sync,PDF annotate and save,Whiteboard,Ink-pen input,Handwriting recognition,Spell check,Search,Replace,Printing,File save/export/import formats
