Dataset Name,Brief description,Preprocessing,Instances,Format,Default Task,Created (updated),Reference,Creator
Artificial Characters Dataset,Artificially generated data describing the structure of 10 capital English letters.,Coordinates of lines drawn given as integers. Various other features.,6000,Text,Handwriting recognition  classification,1992,[100],H. Guvenir et al.
Letter Dataset,Upper case printed letters.,17 features are extracted from all images.,20.000,Text,OCR  classification,1991,[101][102],D. Slate et al.
Character Trajectories Dataset,Labeled samples of pen tip trajectories for people writing simple characters.,3-dimensional pen tip velocity trajectory matrix for each sample,2858,Text,Handwriting recognition  classification,2008,[103][104],B. Williams
Chars74K Dataset,Character recognition in natural images of symbols used in both English and Kannada,,74.107,,Character recognition  handwriting recognition  OCR  classification,2009,[105],T. de Campos
UJI Pen Characters Dataset,Isolated handwritten characters,Coordinates of pen position as characters were written given.,11.640,Text,Handwriting recognition  classification,2009,[106][107],F. Prat et al.
Gisette Dataset,Handwriting samples from the often-confused 4 and 9 characters.,Features extracted from images  split into train/test  handwriting images size-normalized.,13.500,Images  text,Handwriting recognition  classification,2003,[108],Yann LeCun et al.
MNIST database,Database of handwritten digits.,Hand-labeled.,60.000,Images  text,Classification,1998,[109][110],National Institute of Standards and Technology
Optical Recognition of Handwritten Digits Dataset,Normalized bitmaps of handwritten data.,Size normalized and mapped to bitmaps.,5620,Images  text,Handwriting recognition  classification,1998,[111],E. Alpaydin et al.
Pen-Based Recognition of Handwritten Digits Dataset,Handwritten digits on electronic pen-tablet.,Feature vectors extracted to be uniformly spaced.,10.992,Images  text,Handwriting recognition  classification,1998,[112][113],E. Alpaydin et al.
Semeion Handwritten Digit Dataset,Handwritten digits from 80 people.,All handwritten digits have been normalized for size and mapped to the same grid.,1593,Images  text,Handwriting recognition  classification,2008,[114],T. Srl
HASYv2,Handwritten mathematical symbols,All symbols are centered and of size 32px x 32px.,168233,Images  text,Classification,2017,[115],Martin Thoma
