Name,Platform,License,Price,Latest stable release,Source availability,Notes
Omniscien Technologies Language Studio,Windows  Linux  Web Application,Proprietary software,4.1,No
Apertium,GPL,No Fee Required,3.4.2,Yes,Rule-based  shallow transfer; all programs and language data are free and open source
Anusaaraka,Unix compatible,GPL,No Fee Required,0.50,Yes,Rule-based  deep parser based  paninian framework based; all programs and language data are free and open-source
IBM,Cross-platform,SaaS,Free  Commercial (varies by plan),3.0,No
OpenLogos,Windows  Linux,No Fee Required,1.0.3,Yes,Rule-based  deep transfer
Moses,Cross-platform,LGPL,No Fee Required,3.0[3],Yes,Drop-in replacement for Pharaoh  features factored translation models and decoding of confusion networks.
Moses for Mere Mortals,Ubuntu Linux,GPL,No Fee Required,2014-11-16,Yes,Free open source; based on Moses; translation memories integration.
NiuTrans,Cross-platform,GPL,No fee required,1.1.0,Yes,Competitive performance for Chinese translation tasks; statistical machine translation. Supports phrase-based  hierarchical phrase-based  and syntax-based (string-to-tree  tree-to-string  and tree-to-tree) models for research purposes.
Google Translate,Cross-platform (Web application),SaaS,No fee required,Beta,No,Statistical and neural machine translation
Bing Translator,Cross-platform (Web application),SaaS,No fee required,Final,No,Microsoft's linguistically informed statistical MT system
Yandex.Translate,Cross-platform (Web application),SaaS,No fee required,,No,Statistical and neural machine translation
SAIC Omnifluent,Windows  Linux  Web  i0S,Commercial License  Server  SaaS,Depends on configuration,3.0,No,Hybrid machine translation combines rule-based machine translation and statistical machine translation  integrated with automatic speech recognition on a single platform that translates text and audio files.[4][5]
SYSTRAN,Cross-platform (Web application),Proprietary software,$200 (desktop) – $15.000 and up (enterprise server),Version 7,No,Hybrid rules-based and SMT
Slate Rocks,Cross-platform,1.5,Yes,Applications with complete SMT stack run on Windows  Linux and MacOS to build Moses SMT models and integrate with CAT tools.
GramTrans,Cross-platform (Web application),Freeware,No Fee Required,?,No,Rule-based  using constraint grammar
Promt,Cross-platform (Web application),Proprietary software,Commercial,12.5,No,Hybrid rules-based and SMT
SDL Machine Translation,Cross-platform (Web application),Commercial,Commercial,?,No,Neural and Statistical based Machine Translation
Babylon,Windows  Mac,Proprietary software,Depends on license ($9.90–$89 for one license),10.3,No,Prompts to install the Babylon Toolbar  a browser hijacker which is difficult to remove.[6][7]
IdiomaX,Windows  Symbian S60  Windows Mobile,Proprietary software,Depends on configuration,6.0,No,Rule-based
Transsoftware,Windows,Proprietary software,Commercial,1.0,No,
