Afrikaans,Dutch,English translation (literal)
Uit die blou van onse hemel ,Uit het blauw van onze hemel,From the blue of our sky
Uit die diepte van ons see ,Uit de diepte van onze zee ,From the depths of our sea 
Oor ons ewige gebergtes,Over onze eeuwige gebergtes ,Over our eternal mountains
Waar die kranse antwoord gee.,Waar de rotsen antwoord geven.,Where the cliffs give answer
Deur ons vêr verlate vlaktes,Door onze ver verlaten vlaktes,Through our far-deserted plains
Met die kreun van ossewa.,Met het gekreun van ossenwagens,With the groan of ox-wagon
Ruis die stem van ons geliefde ,Ruist de stem van ons geliefde ,Rouses the voice of our beloved 
Van ons land Suid-Afrika.,Van ons land Zuid-Afrika.,Of our country South Africa
Ons sal antwoord op jou roepstem ,We zullen antwoorden op je roepen,We will answer to your calling 
Ons sal offer wat jy vra:,We zullen offeren wat jij vraagt,We will sacrifice what you ask
Ons sal lewe  ons sal sterwe ,We zullen leven  we zullen sterven,We will live  we will die
Ons vir jou  Suid-Afrika.,Wij voor jou  Zuid-Afrika.,We for Thee  South Africa.
