Intent,ALGOL 68,C++
Define a constant,int x=888;,const int x = 888;
Initialise a variable,int x:=888;,int x = 888;
Assign a value 888 to a variable x,x:=888;,x = 888;
Compare two values,if x = 888 then ... fi,if (x == 888) { ... }
Allocate a variable from the heap,ref int x = heap int; or simply: heap int x;,int* x = new int;
Compare address of two pointers,ref int x  y; if x :=: y then ... fi
Compare value referenced by two pointers,ref int x  y; if x = y then ... fi
Name a new type,mode longreal = long real;,typedef double longreal; or (as of C+11): using longreal = double;
Name a new record type,mode cust = struct(string name  address);,struct cust { std::string name  address; };
Name a new union type,mode taggedu = union(string s  real r);,union u { std::string s; float f; };
Name a procedure or function,proc f = (real x) real: ( code; result );,float f(float x) { code; return result; }
Procedure default parameters,void p(float x=888) { code; }
Name a new operator,op ↑ = (real x y) real: x**y;,N/A
Set priority on a new operator,prio ↑ = 9;,N/A
Chain variables assignment,a:=b:=c:=d;,a = b = c = d;
Displacement operator - ALGOL 68C only,a:=:=b:=:=c:=:=d;,a = b; b = c; c = d;
Append "substr" to a variable str,str +:= "substr";,str += "substr";
Prefix "substr" to a variable str,"substr" +=: str;,str = "substr" + str;
