,Developer[nb 1],First release[nb 2],Latest release[nb 3],Panels/pad[nb 4],Modifiers[nb 5],Courses[nb 6],Bombs[nb 7],USB Card[nb 8]
Dance Aerobics,Human Entertainment,1987 (Dance Aerobics)[1],N/A,10,No,Yes,No,No
Dance Dance Revolution,Konami,1998 (Dance Dance Revolution),2016 (Dance Dance Revolution A),4[nb 9][nb 10][nb 11],Yes,Dropped[nb 12],Partial [nb 13],Yes (X to X3)
Pump It Up,Andamiro,1999 (Pump It Up) [2],2017 (Pump It Up Prime 2),5 for single  10 for double[nb 14],Yes,Yes,Yes,Yes
Dance Maniax,Konami,1999 (Dance Maniax),2000 (Dance Freaks),4 hand sensors,Yes,Yes,No,No
3DDX,NGG Entertainment,2000 (3DDX),N/A,4,?,?,?,?
EZ2Dancer,AmuseWorld,2000 (EZ2Dancer),2004 (EZ2Dancer SuperChina),3 (2 hand sensors),?,?,?,?
ParaParaParadise,Konami,2000 (ParaParaParadise),2000 (ParaParaDancing),0 (8 hand sensors),?,?,?,?
TechnoMotion,F2 Systems,2000 (TechnoMotion),(TechnoMotion The 2nd Dance Floor!),8,Yes,No,No,No
Dance: UK,Broadsword Interactive Limited,2003 (Dance:UK),N/A,8,?,?,?,?
EyeToy: Groove,SCE London Studio,2003 (EyeToy: Groove),N/A,0 (6 virtual hand sensors),No,No,No,No
In The Groove,Roxor,2004 (In The Groove),2005 (In The Groove 2),4[nb 9][nb 10],Yes,Yes,Yes,Yes
MC Groovz Dance Craze,Mad Catz,2004 (MC Groovz Dance Craze),N/A,8,?,?,?,No
Dance Praise,Digital Praise,2005 (Original Dance Praise),2007 (Dance Praise 2: The ReMix),4[nb 9],No,Partial[nb 15],Yes,No
StepMania,MIT License,1998 (StepMania),(StepMania 5),3-10,Yes,Yes,Yes,Yes
Performous,GPL License,2009,2010,8,No,No,Yes,Yes
Dance 86.4 Funky Radio Station,Konami,2005 (Dance 86.4 Funky Radio Station),N/A,3,?,?,Yes,?
Mungyodance,Empathetic Gaming (MGD/MGD2) Monakai (MGD3),2005 (Mungyodance),2008 (Mungyodance 3 The Third Rave),4,Yes (limited),Yes,Yes,Yes
Cyber coach,Quick Controls Ltd,2007 (Cyber coach),N/A,8 [3],?,?,?,?
Pump It Up Pro,Fun in Motion,2007 (Pump It Up Pro),2014 (Pump It Infinity),5[nb 14],Yes,Yes[nb 16],Yes,Yes
