Name,License,Platform,Languages,Resizing,Upload,Output,IPTC Support,GeoTagging Support,Tags Categories Keywords,Dynamic Image Processing,Access Control,LDAP support,Version
Flash Gallery,Creative Commons Attribution,Flash  PHP  XML,English,Automatic,FTP,Flash  XHTML  CSS,No,No,,,,,
Gallery Project (discontinued),GPL,PHP/MySQL  (PostgreSQL  Oracle  DB2  Microsoft SQL Server only in 2.x version),Multilingual,Automatic (GD/ImageMagick),Local filesystem  HTTP  Java applet  Gallery Remote  Picasa 2  Import from Gallery 1.x  Windows XP Publishing Wizard  Local server  GLoSS  WebDAV (as of 2.2),XHTML 1.0 Strict  CSS,Yes  in G2,module,Yes  keywords in G2,No,No  as of G3,,3.0.9 (June 28  2013; 5 years ago (2013-06-28)) [±]
MediaGoblin,AGPLv3,Python/PostgreSQL,Multilingual,Automatic,,HTML5,,Yes,Yes  tags and collections,,Yes  by controlling if registrations are allowed or not,,0.9.0[1] (March 26  2016; 2 years ago (2016-03-26)) [±]
Piwigo,GPL,PHP/MySQL,Multilingual (56 languages),Automatic (GD/ImageMagick)  up to 9 sizes,HTTP  FTP  local filesystem  Flash  Picasa  iPhoto  Digikam  Shotwell  Lightroom  iPhone/iPad and Android,HTML 4.01 or HTML 5  CSS 2 (Complies with W3C specifications)  theme for mobile devices,Yes,plugin for Google Maps or plugin for OpenStreetMap,Yes,Yes resize  sharpen  crop  rotate,Yes,plugin,2.9.4 (July 13  2018; 4 months ago (2018-07-13)) [±]
Plogger,GPL,PHP/MySQL,Multilingual,Automatic,HTTP  FTP using Image Files  Zip Files  Remote Upload,XHTML 1.1  CSS  RSS,In development for Beta 3  available through PHP. According to forum  no longer developed.,No,,,,,
TinyWebGallery,Free for personal and commercial use. Registered version available,PHP  XML,Multilingual (25),Automatic (GD/ImageMagick)  also from video (ffmpeg),HTTP  FTP  Flash Uploader  scan remote location,HTML 4.01 Transitional  CSS,Yes,Yes,Yes,Yes,Yes,,2.4.6 (May 23  2018; 6 months ago (2018-05-23)) [±]
Phoca Gallery,GPL,PHP (Joomla)  MySQL,Multilingual,Automatic,HTTP  FTP  Flash  Java,XHTML  CSS,No Exif Yes,Yes,Yes Hierarchical organized categories,No,Yes,,4.3.10 (January 15  2018; 10 months ago (2018-01-15)) [±]
